ASIN,date,author_id,author_name,rating,title,description,verified
B06XDJP2WX,2018-04-02,AHVKCIFXK5PXES5XKY4IHQ666JCQ,Amazon Customer,5.0,every nurse that came in our room loved it and asked where we got it from,"  We used this during our daughters first couple days.. every nurse that came in our room loved it and asked where we got it from. It is beautiful, large, and SO soft (even now after several washings). I purchased another one in a different style for myself and another for a friend's baby shower. They are all gorgeous. Totally worth the price!!! I even purchased one for my 7 year old because she loved her sister's so much! Don't hesitate to buy. Great company (Copper Pearl)!!",1
B06XDJP2WX,2018-05-30,AH6SNGJCWJP6M23Y5WZOZB6WTLXA,Whitney Jones,5.0,Lovely soft and stretchy swaddle. Just do not put ...,  Lovely soft and stretchy swaddle. Just do not put in the dryer! It will never be the same! My husband placed our other copper pearl swaddle in the dryer and it was ruined.,1
B06XDJP2WX,2017-09-16,AH3ANNXFPW5C4TPHDMXNLL4TVRAA,CADinCALI,5.0,Awesome blanket - so soft and gets tons of compliments!,"  Love this. Like one of my fave products for my daughter. It's buttery soft, very large and super comfy. I wish they made this in adult size!!    I get compliments on it everywhere I go. The seam around the edge is just a simple surge, but so far it's held up well to washing and using.    This product would make a great gift and I'm sad I didn't know to put it on my registry as I found it too late! I bought this after I had bought the matching car seat cover which I also fell in love with. Great purchase, you won't regret!",1
B06XDJP2WX,2018-05-22,AEFNSH6ROCT7KYD72XEV36QUSJKA,Robin,5.0,Sweet and soft!,"  So beautiful and soft! Very large, enough to really swaddle and keep baby warm. Fabric is thin - but with a quality and luxurious feel. Colors are soft and pastel - not as sharp and dark as they appear in pictures. Took a second picture with flash close up to hopefully show off color better. Would buy again, and as a gift. Love it.",1
B06XDJP2WX,2018-07-04,AFB2CKKMPQQUTVAQERXW5NILLS2A,Julia Peerenboom,5.0,I purchased this and the matching hat as our baby's first outfit to wear in the hospital because I loved the bright happy colors for our summer baby,"  Never thought I would be someone who purchases high end baby items, but after buying this swaddle, I am officially hooked on CopperPearl. I purchased this and the matching hat as our baby's first outfit to wear in the hospital because I loved the bright happy colors for our summer baby. I was expecting good quality, but I am honestly blown away by how soft, big and vibrant this swaddle is! The material is light and stretchy, something that will be perfect not only as a swaddle, but also as a light weight blanket when baby gets older.  The shipping and delivery process was on time and the item is even better than described- if you are on the fence about buying one of these swaddles- do it! But beware, you will want more!!",1
B06XDJP2WX,2017-07-01,AG3WUSE4PV7BFODG6T5RLVZYB4LQ,Shelli Elsten,5.0,She loves both the cover and the blanket and the pictures are beautiful with my new granddaughter wrapped up in it,"  I got my daughter the car seat/nursing cover in this same print from her registry for her baby shower. She was over and looking all over the internet for something similar for a swaddle for baby's first pictures. She looked for swaddles and I sew so we scoured the internet for fabric but couldn't find anything close enough.  After she left I thought, Amazon will have my order history, I can look there. When I did I found the exact same print in a swaddling blanket and ordered it right away.  I have no idea why neither one of us thought about looking in the same shop in the first place-she did find the shop first and wanted that cover in that print.  She loves both the cover and the blanket and the pictures are beautiful with my new granddaughter wrapped up in it.",1
B06XDJP2WX,2017-05-09,AHHVCOVZCY2YDDE3AFAZNUAN2D3Q,Heather Jarvis,5.0,Love this !,"  I love this blanket! its super big! It is very thin, which is what I expected but I have a couple of the car seat covers from this company and I think its even a little thinner that that. Just a headsup. However that is perfect for me! I want something light and airy for my baby because we are approaching summer here in Arizona and it is hot hot hot! I'll probably order the rose one they released as well because I have that print in everything else it comes in!",1
B06XDJP2WX,2018-05-18,AEQBVYNAQ5MHIUOLSRUOXHGYTY3Q,Jessica Allen,5.0,Get this for your baby or any shower gift! Its THE BEST!,  Beautiful soft baby blanket! and this floral pattern is so sophisticated while still being vibrant and fun.  LOVE LOVE LOVE! I will buy this for any girl baby showers I'm going to in the future.    PROS  -great large size so it's easy to swaddle or cover the baby but not bulky  -soft without needing to be broken in  -truely beautiful floral artistic print that is holding up already to several washes  -out of all the baby blankets my friend received she loves this the most and carries it with her everywhere! win!    CONS  -doesnt come in a queen size for me to have,1
B06XDJP2WX,2018-05-15,AF647T2S44ALEECMDVTQP4ICYHTQ,Alison,5.0,So soft and pretty,"  I have come to love Copper Pearl items as the materials are so soft and high quality. Their different patterns are so cute and it's really nice to be able to match their products to others, i.e. hats, burp cloths, blankets, etc. Very satisfied. (Now, let's hope my baby loves them, too! Ha!)",1
B06XDJP2WX,2018-05-09,AHKYB622J5LXR5VVLA2XTMT5BHPA,Jennifer G,5.0,Great blanket! Worth the $,"  LOVE this blanket! I‚Äôve bought several (like a dozen) blankets in the last 6 months. And this one is by far my favorite! Soft material, much larger than most of the other blankets she has, and light/cool enough for spring & summer time! Will probably purchase a 2cd one",1
B06XDJP2WX,2018-06-16,AFSBX5OVGYFLTYAEINDN3NGWNZ7Q,florg29,5.0,Best Swaddle Blanket Ever,  These swaddles are by far my favorite of all. The material is very soft and stretchy which oa great when your bundling your little one up. I also love that they are large because ypu can use these well into toddlerhood. Im definitely going to be getting more or these!!,1
B06XDJP2WX,2017-10-23,AFBRMN2PSOAAX527N3UYBNRQJY5Q,CC,5.0,So soft and beautiful!,  My baby isn‚Äôt born yet so I haven‚Äôt gotten to use this as intended just yet but I will say that it is so soft and the quality is wonderful. I can‚Äôt wait to wrap my newborn baby in it. The pattern is also beautiful. I will be buying another one from this seller again for sure!,1
B06XDJP2WX,2018-06-03,AGLIMUMTCQSNSMYHP67EDISVTOMQ,Will,5.0,Heavy & Cool!!‚ù§Ô∏è Not used for tight swaddle.,"  Our whole family loves this blanket, and our newborn is adorable wrapped up in it!    It is great to lay on the baby‚Äôs lap to add some weight and trick baby into thinking they are still being held, when they need set in a bassinet or swing. It‚Äôs not good for a nighttime swaddle when you don‚Äôt want newborn to get their arms out. The material is so stretchy our baby can always wiggle out.    It‚Äôs the softest blanket and cool feeling and heavy all at once! I highly recommend!!",1
B06XDJP2WX,2018-02-24,AEEY44C534OC7XNQWNOK33K73BWQ,Allie,5.0,The fabric is nice and stretchy and the print is so beautiful,"  I absolutely adore our Copper Pearl Swaddle blanket. The fabric is nice and stretchy and the print is so beautiful. Keep in mind that it is only one layer of fabric, but this works well if you fold it for swaddling. I ended up buying the car seat cover and crib sheet too.",1
B06XDJP2WX,2018-08-30,AFFCW25DWLP7P4F3I6NFX6Z6VACA,Larissa,5.0,Highly recommend,  Love love love! So soft and stretchy and the perfect size!,1
B06XDJP2WX,2018-09-01,AH3DOUA2JZAW4I5EHWACEVXIJO4A,Mallorie,5.0,Beautiful!,"  This is probably the softest baby blanket I've received! Beautiful, vibrant colors and big enough to swaddle but not too big that is messy swallow baby. I'll definitely be purchasing more from Copper Pearl!",1
B06XDJP2WX,2017-12-07,AEDUWOGWMEWEAVLUPTKQCLOFGNVA,Amazon Customer,5.0,AMAZING,"  This is an everyday product in our home. Its her favorite swaddle. *Photo taken with only night-light lighting* It's as vibrant as it portrays in the advertisement photo. It's aesthetic, large, stretchy, and breathable. Worth every penny ‚ô°",1
B06XDJP2WX,2017-09-20,AF2LNUAZXO3IBZ7FG3R6DK7B6OIQ,Whitney Strock,5.0,"Bought for the print, love everything about it!","  I love how large this swaddle blanket is. And the knit fabric is stretchy and amazing! I originally bought because I loved the print, but I LOVE everything about this blanket. I loved it so much I ordered a second one! Even the nurses in the hospital LOVED this swaddle!",1
B06XDJP2WX,2017-09-26,AGKR3EKYNUERTACJA5IW3XEWEJEA,Machelle,5.0,Great blanket for the summer time heat here in Florida ...,  Great blanket for the summer time heat here in Florida and I love the design! I also got the burp cloth and nursing cover. It‚Äôs so soft.,1
B06XDJP2WX,2017-11-13,AEDFNECFDTI2O33SZY5XEOGAV4WA,The Bragging Mommy,5.0,So soft!,  This is so light and super soft. Perfect baby blanket for Arizona heat. My baby girl loves it so much I ordered another.,1
B06XDJP2WX,2017-11-13,AHMZF7A3G6PNXNVJ4ZIYAPSRLJSQ,sawilson,5.0,Love!,"  These are by FAR the best swaddles I‚Äôve purchased, and I‚Äôve purchased every brand it seems. They are stretchy and breathable and so easy to get a snug fit with. This particular pattern is gorgeous! I get so many compliments on it when we‚Äôre out and about.",1
B06XDJP2WX,2018-06-30,AEK6WLGFQURPJZE3VNRCY2F3XOLQ,Amazon Customer,5.0,The print and material - wow!,"  This print is just stunning. Not one you see everywhere. I can not tell you how soft it is. My baby is late, so I haven't used it yet BUT its top notch. Love it!",1
B06XDJP2WX,2018-07-16,AGTX6XPN2VN36HN64CBDVLPASDKA,Rachel F,5.0,Absolutely in love.,  So in love with this gorgeous swaddle. I'm most excited about putting my baby girl in this when she's born any day now!! So soft and the colors are incredible.,1
B06XDJP2WX,2017-09-12,AFZ33CZFTMV6CSX7RDRRC2D6QIRA,Gardner's,5.0,100% Recommend,"  We absolutely love these. The material is so soft, stretchy, and perfect for any mom, any climate, and any gender.",0
B06XDJP2WX,2017-06-21,AF3Y5MHGNWS46VKJIUKQTII6LADA,Ryan Fredrickson,5.0,"I am a terrible swaddler, but this blanket did the job","  I am a terrible swaddler, but this blanket did the job. Perfect amount of stretch and super soft. Light weight for that summer day! And I love the floral print.",0
B06XDJP2WX,2017-12-11,AEF53XJ74STMXCI42PI6N3XMM6DA,Kristal,5.0,and my LO loved playing with it while nursing so this blanket is ...,"  bought the nursing cover first, and my LO loved playing with it while nursing so this blanket is now her security blanket.",1
B06XDJP2WX,2018-09-04,AE7EQOTJB2TER7FIA3DO73SIK4SA,E. H.,5.0,... here but the colors are gorgeous and it is super soft! Can‚Äôt wait to wrap my squish in ...,  Haven‚Äôt used yet Bc my baby is not here but the colors are gorgeous and it is super soft! Can‚Äôt wait to wrap my squish in this when she gets here!,1
B06XDJP2WX,2017-06-10,AHKNGSZI5IVTK67MJJU4V3FDV6FQ,Kayla Lemley,5.0,so soft and beautiful! Great quality and size also,"  So, so, so soft and beautiful! Great quality and size also. Copper Pearl makes good quality stuff and their prints are modern and gorgeous!! I want them to make clothes next!!! My credit card does not.",1
B06XDJP2WX,2017-08-04,AFQ4WY2ON43FKGL6VWTWUXHTCOYA,Emilyray,5.0,I love it already it just came in,  I love it already it just came in. I paid way too much for a similar blanket from another company. But this blanket from copper pearl is just a good and and half the price. We will show it handles a couple of washes thought. I will update after 5 washes,1
B06XDJP2WX,2018-08-17,AGCSJU5YGKTPHAV6EYHSNYRSBT5Q,JUKUCK,5.0,So soft and beautiful!!!,  My little one is due in 3 weeks and I was looking around online for the best hospital swaddle to make her feel the most comfortable right away. This swaddle is SO soft and its the perfect size to wrap her up in!! Highly recommended!!!,1
B06XDJP2WX,2018-06-05,AGD7EHLE2RXIQW6CDXQVTJY2JDKQ,Jamie,5.0,"Softest ever, huge blanket!",  Softest swaddle ever! The material is like butter. The size is phenomenal! These are big blankets and are awesome for swaddling and breast feeding covers. I‚Äôll be ordering more.,1
B06XDJP2WX,2017-12-18,AGZR4AAZEJZKAXU7G6575AEL45PQ,Erica Rose Sweeney,5.0,Beautiful print and really soft material,"  Beautiful print and really soft material. Just the right size for swaddling, and I love it. I have gotten many compliments on this blanket. Happy with this purchase :)",1
B06XDJP2WX,2018-09-16,AGG4KDSKKE3MOCUQRBHGK36BE45A,Stephanie Held,5.0,Multiple uses out of this blanket!,"  I love this blanket! It is amazing quality and it is quite large for a baby blanket. I use it as a blanket, as a nursing cover, and as a sun shade for the stroller.",1
B06XDJP2WX,2017-09-01,AGJZ5UHZQFYPYWM3OJ3VXCUYNNKQ,Barb P,5.0,Beautiful!,"  My daughter already had this in another color and it was her favorite swaddle for the baby, so when she saw the new colors she had to have another!",1
B06XDJP2WX,2018-07-30,AFHGHQEA6BCXCSTAIQQCZDBERM5A,Angelina Slusher,5.0,Even cuter in person,  This swaddle is perfect! I‚Äôm waiting on my little one to arrive so I haven‚Äôt swaddled her yet. The fabric is so soft and I can‚Äôt wait to take this to the hospital to welcome our little one!,1
B06XDJP2WX,2018-03-30,AGPSHJFBK7LFDQFST2L7ZZTKFXMQ,Kisseliss,5.0,Love this product (but don't buy the sheets or changing pad cover.),"  Love this product. Colors are vibrant, quality is high. (don't order anything from this company labelled ""premium cotton"" though - very disappointing ... colors don't match and quality is poor.)",1
B06XDJP2WX,2018-03-12,AHRGQKKRG3G62EN7B2LZMUA5CXKA,Kate O'Ryon,5.0,Love this blanket,"  Love this blanket! It is very big, much larger than I expected. Thinner and stretchier than I expected as well. It works great as a swaddle blanket because of the stretch! The pattern is beautiful.",1
B06XDJP2WX,2018-04-02,AFDHF2SMTMUUUPFEXBICMMHZKE5A,ranjevelocity,5.0,"A well made, high quality item","  This is a very well made blanket. The fabric is top quality, and the stitching is perfect. Highly recommended.",1
B06XDJP2WX,2018-07-29,AGAMNJHEVM7VQKNKHJ7AR7ZOQK5Q,Sara,5.0,Keeps my baby sleeping!,  This is a high quality blanket and it helps my baby stay tightly swaddled all night!,1
B06XDJP2WX,2018-07-05,AGGYZWTDGCSOXJYI7KSFJDI5JWKQ,Donna B,5.0,Love!,"  Great size, soft, & snuggley.",1
B06XDJP2WX,2018-06-13,AE4M7RYZQXXJ7UBPNHXLZILL7YIA,Amazon Customer,5.0,By far the most amazing swaddle blankets,"  By far the most amazing swaddle blankets! Super soft and stretchy material. One we started using the Copper Pearl swaddle blankets, our little girl started sleeping through the night. We have two already and I can't wait to purchase more!",1
B06XDJP2WX,2018-08-27,AGMJFRI6J3UHPKOEXWLPY6ZWSCFQ,Jodi R,5.0,The fabric has a slight stretch and it is SO soft,"  Super soft blanket with a slight stretch to the fabric. The print is beautiful. I can't wait for my daughter to arrive and get swaddled in this! I will likely buy another blanket with a different print, I like it so much.",1
B06XDJP2WX,2017-09-07,AHB3Z3XNKHB23TWNCGLPNX4A6ZYA,Megan H.,5.0,Absolutely love this!,  Absolutely love this!! It is huge so it works well for a blanket and the material is extremely soft. Even my 3 year old son grabs this blanket for his little sissy!,1
B06XDJP2WX,2018-07-28,AEQHMO7DSSE3JKENRSKABNJCPNDQ,Christian Edmondson,5.0,Love this blanket!,  I wish I would have found this blanket earlier! My daughter is 11 months old and she loves it! It feels so good and is perfect when she doesn‚Äôt need a heavy blanket.,1
B06XDJP2WX,2018-07-29,AF7JCUCEQM6B24MSIHL3JUAZGXAQ,Amazon Customer,5.0,Premium swaddle,  So soft and beautiful! Can‚Äôt wait to wrap my baby in it.,1
B06XDJP2WX,2018-04-28,AH62EUDX73JIK4FQSREFNS6VNLVQ,BEN,5.0,Five Stars,  My favorite swaddle! Have ordered the same one twice because we lost the first one at Target :(,1
B06XDJP2WX,2018-07-18,AEVPLKMWZ5GJNEZTVMNT5NZPFJNA,Ben K.,5.0,Best swaddle ever!,  So soft and stretchy! We use it everyday as a swaddle or blanket! Definitely recommend it!,1
B06XDJP2WX,2018-05-24,AEP4E52Z3BBGAD2PCUKXETAAP4NA,Sarah E.,5.0,Unbelievably soft and absolutely beautiful.,"  I‚Äôve gotten countless compliments on this. Not only is the print gorgeous, but the fabric is so incredibly soft. I‚Äôm having to keep myself from purchasing more prints. Can‚Äôt go wrong with this.",1
B06XDJP2WX,2018-06-06,AFIAC7Q4H7REZQSLKTWPEFO543HA,shandi novakowkski,5.0,Five Stars,  Super soft and a great size. Love it!,1
B06XDJP2WX,2018-01-03,AENIQU6LLAYSHHCVA426LAKGY32A,Jose & Kiara,5.0,Five Stars,  super soft and stretchy swaddle blanket! highly recommend. I plan on ordering more.,1
B06XDJP2WX,2017-06-16,AGAEURINCHPQLKPFQF5YZGQWZLUA,Moxey mom,5.0,This blanket is beautiful. The material is the perfect lightweight,"  This blanket is beautiful. The material is the perfect lightweight, soft, stretchy fabric. Just perfect.",1
B06XDJP2WX,2017-08-24,AEEZWUOMJMGPTRQJ5MKZ3URYOYLA,Kindle Customer,5.0,Five Stars,  Beautiful in person. Soft and and of good quality. Can't wait to use it.,1
B06XDJP2WX,2018-02-19,AFG2HAWB5C336JPO4J4M7IMXRKWA,Nancy Pinto,5.0,Five Stars,  Beautiful color and so comfortable,1
B06XDJP2WX,2018-06-14,AGLNT2F5OEG3NFG6LDE7EFZOPZEA,Amazon Customer,5.0,My second purchase of copper pearl because my baby loves ...,"  My second purchase of copper pearl because my baby loves it so much! I will not buy another brand for swaddle! Thank you for making such a high quality product while maintaining cute fabrics! I never write product reviews, but am sooooo impressed with this!",1
B06XDJP2WX,2017-07-30,AFSOSOQU6PTUVVQCPFA2XTGZNUFA,Rosanne Penley,4.0,Print was very pretty but I expected it to be a little thicker,  Print was very pretty but I expected it to be a little thicker. This was a gift and the expectant mother loved it so I'm happy.,1
B06XDJP2WX,2018-03-12,AH4HIK4LSGHNFVD54Q5V32REOHNA,Renate Mandy,5.0,So soft and such a lovely print!,"  Wish I knew about these with my son... so completely soft, I can't wait to wrap our new little one up in this. Bought two and plan on buying a few more as this will surely be our favorite!",1
B06XDJP2WX,2018-02-20,AHRYWGIWTLOENWNP3XKKCTGE357Q,tsteffen,5.0,Five Stars,  Softest and prettiest blanket ever. So worth it.,1
B06XDJP2WX,2018-01-25,AFFDIYA77EY6FDBRT4ODDGR7SEPA,CP85,5.0,Five Stars,  Super soft and perfect size.,1
B06XDJP2WX,2018-04-28,AGZOJP7RIQ4YKNKLE7Z6YDDTLWLA,kikki,5.0,Dont be hesitant,  I loveeeeeeee this blanket. It is so soft and stretchy and cant wait to order more !!!!! They are also very large and can be used for other purposes.,1
B06XDJP2WX,2018-04-01,AG6ZGOQSMVFQIXC4MS65PWYVU5YA,Cameron Byrd,5.0,Most amazing swaddle. Loved for newborn pics and for nighttime ...,  Most amazing swaddle. Loved for newborn pics and for nighttime sleeps. My newborn sleeps with this every single night. She does not break out either and she is a mover.,1
B06XDJP2WX,2018-04-21,AFKAUXLJHAL4EI6TMRP2LTA3SLPA,Maya C.,5.0,Beautiful Swaddle,  Love the material and feel of this swaddle. So soft and was easy to pull tight! Used this for our newborn photos and it looks great.,1
B06XDJP2WX,2018-07-08,AECNLAPQGUEFND565H2FMTUOKVEA,Anne Lawrence,5.0,Perfect summer swaddle!,"  This blanket is soft, stretchy, and perfect for swaddling during the summer months. Plus the print is beautiful!",1
B06XDJP2WX,2018-03-22,AHIQQAPPRAZZXMCEQXMLR4IFYFPQ,Amazon Customer,5.0,Five Stars,  These blankets are amazing! They have the perfect stretch and they are big enough to nurse with!,1
B06XDJP2WX,2018-09-17,AH7QSEOADXNQM4QTEJN4N7HHSPJQ,Amanda Brown,5.0,Perfect!,"  The softest, most beautiful blanket we have! Got many compliments in the hospital on how soft it was!",1
B06XDJP2WX,2018-02-18,AGV34F6FPO76DEEQVDY3CWPAOX7Q,Amy,5.0,I love that they have some stretch so it‚Äôs easier to ...,  These are so soft! I love that they have some stretch so it‚Äôs easier to get the baby‚Äôs arms tucked into the swaddle.,1
B06XDJP2WX,2018-05-18,AGZGSKWASBX63UWV7NRB2VYGT56A,Brittany L. Taylor,5.0,Softest and Stretchiest Blanket!,  Absolutely the cutest and softest swaddle blanket I‚Äôve ever seen! We‚Äôve been using it every day. Going to buy more because they are the best quality baby blanket I‚Äôve owned.,1
B06XDJP2WX,2018-04-01,AEHIXLYNF6RYIP62BMFAJTZRIOXQ,Kristine,5.0,Amazing material so stretchy and soft,  Amazing material so stretchy and soft. Got so many compliments on this blanket. My baby loves being swaddled in it. Now had to buy another one as she lives in her blanket.,1
B06XDJP2WX,2017-05-29,AGTUG35NBQTROW6JYFCM4ZARRACA,Brittybird38,5.0,Five Stars,  So soft and pretty,1
B06XDJP2WX,2018-07-22,AEMTM6B42JR5SK653S6BPDFVBJGA,allie turner,5.0,Awesome,  Absolutely LOVE this is my second one I‚Äôve ordered. I‚Äôd love to have them all!,1
B06XDJP2WX,2018-05-20,AG5KO6KS3F7NL6NZ2M4VXHVFMJHQ,Jen cazares,5.0,Beautiful print,"  Absolutely love it! It‚Äôs so soft and lightweight, ordered it for my youngest and ended up ordering a second one for my middle child.",1
B06XDJP2WX,2018-05-17,AHL5QINVWONGKSDYHY5SLEOICTXQ,BH,5.0,and SO beautiful!,"  Copper Pearl blankets are the only ones that I will purchase from now on. They are lightweight, soft fabric, and SO beautiful!",1
B06XDJP2WX,2018-01-23,AEZHAY2NWUIFI2Y2ZTSE7NJAAQGA,Kollie37,5.0,Gorgeous !,  I use mine as a baby blanket and it‚Äôs gorgeous. Super soft and huge!,1
B06XDJP2WX,2017-09-05,AFAKXCMO7Y7TVTJCIC57JC3QH4YA,Garret Pike,5.0,Love!,  This swaddle is gorgeous and SO soft. It had a strange smell when I took it out of the bag but washed it and it all came out!,1
B06XDJP2WX,2017-07-20,AGZWB25NBJT4JAZQLCWLC5CWLP4A,Amazon Customer,5.0,Five Stars,  We LOVE our new Cooper Pearl swaddle!! Its extremely soft and high quality!,1
B06XDJP2WX,2017-08-24,AF3NVKDWHDBQRQWFHYNOCSTIH7FA,Jessica,5.0,Beautiful blanket,  Beautiful blanket and super soft! Lightweight and easy to swaddle my newborn. My 3 year old also loves it and sleeps with it as a summer blankie.,0
B06XDJP2WX,2018-03-26,AEP7DNETFZBWFUZ6SQJPGAKNADIQ,Samantha Fisher,5.0,Such a beautiful print on a soft stretchy blanket,  Copper Pearl blankets are one of my must haves! Such a beautiful print on a soft stretchy blanket!,1
B06XDJP2WX,2017-10-16,AHHG6TC67OLBJHL7ROSW5AX5OW2Q,David herrera,5.0,Five Stars,  Amazing product!!! Super mega soft material and much baby girl loves sleeping with this blanket.,1
B06XDJP2WX,2018-05-03,AGK3ZV45YITCAGWGBO35AXIBVAZQ,Amazon Customer,5.0,Five Stars,  Super soft and nice. The size is big but it works with infant and one year old baby,1
B06XDJP2WX,2017-07-30,AF6RJN4F5DZIAIZE3ZUV66FYOF2Q,Berenice Chavez,5.0,I love this swaddle blanket,  I love this swaddle blanket! The feel of it is baby soft and the color of the print is what I imagined it to be. I would definitely buy this again.,1
B06XDJP2WX,2018-04-08,AGJHBTCXX5K33YFBGFBWYZFKNFHA,Amazon Customer,5.0,Five Stars,  Love that it‚Äôs super lightweight and her soft. The size will be great to grow with my daughter.,1
B06XDJP2WX,2018-02-09,AHJL4FNOODIQD43WG42ZTFX2PIMA,Jordan,5.0,This is the softest swaddling blanket. I will definitely ...,  This is the softest swaddling blanket. I will definitely buy another one.,1
B06XDJP2WX,2017-11-24,AEHVKPVME4TI4ESHCBDO54XDBKHA,Amazon Customer,5.0,Perfect!,"  It's so pretty, soft and pretty big!! I want one for myself!!",1
B06XDJP2WX,2018-09-01,AE523RLI7QLZZYL3GBRF46K5Q2YA,Pbaraka,5.0,Great Blanket,  very soft and incredibly beautiful print!,1
B06XDJP2WX,2017-07-01,AEW6VKZVR6LOJOWTGXVU35RRADYA,Chris,5.0,Love it!,  We love this blanket! It is super soft and a good size. It isn't super thick which is perfect for Texas weather. The print is gorgeous!,0
B06XDJP2WX,2017-12-21,AH6NTRIL3RGD6X27JVMYYE556ZWQ,Miranda,5.0,Five Stars,  I love the beautiful pattern and the stretchiness of the fabric. It holds the perfect swaddle!,0
B06XDJP2WX,2017-06-17,AG5DGMCTJNALCFIKAKL4UQIHVTUQ,Sean,5.0,Five Stars,  Incredibly soft and the print is gorgeous,1
B06XDJP2WX,2017-09-06,AGEQJ7YCV7ZDBYYSGHEPF7UY25BQ,Rena DeAndrea,5.0,Five Stars,  My daughter loves these blankets. We have 3 of these blankets in different patterns already.,1
B06XDJP2WX,2017-12-05,AEWCJW5H6KCSLCKNWC3LDVPSYT5Q,andres,5.0,Five Stars,  The best,1
B06XDJP2WX,2018-05-04,AFN474CYTOXM2HOPNQNVWCCFIALQ,Amazon Kunde,5.0,Love the blanket,  So soft. Love the blanket.,1
B06XDJP2WX,2018-05-13,AGNZUONKNTR7LSR7QVIJTHBHH2IQ,Chandra,5.0,Five Stars,  Great love it!,1
B06XDJP2WX,2018-03-15,AHHE4XPHOGWUVIYSBLTB32VLXOYQ,Mitchell R Mielcarek,5.0,Five Stars,  It's perfect!!,1
B06XDJP2WX,2017-05-14,AGXMFAMRN6WX2RD4YEGZE35MB5XA,Amazon Customer,5.0,Five Stars,"  Beautiful, soft blanket",1
B06XDJP2WX,2017-07-20,AFBHLUWV4HI7QU7RI65CRHSS6ELQ,Kelsey,5.0,Five Stars,  I love the softness of this blanketüíï,1
B06XDJP2WX,2017-08-08,AGBOMG4E3DMCSA5GLBOR6SQB7MUA,Manu,1.0,Received damaged product,  The quality seems to be good but I received a damaged product with a gaping hole in it.,1
B06XDJP2WX,2017-08-04,AFMK6X2QY7Z72O6RJUWVAE4POVUQ,Amazon Customer,2.0,Two Stars,  No longer needed,1
B06XDJP2WX,2018-11-10,AFNI2C3GRBCPIQOT3H66FUQYRPJQ,KmmTop Contributor: Baby,5.0,LOVE copper pearl. Splurge on it,,0
B06XDJP2WX,2017-10-11,AFM3VAKEKPTXLJ3ZSQV3LBFCAP3Q,SRM,5.0,Absolutely love Copper Pearl for my own LO,,0
B06XDJP2WX,2018-07-16,AEXOQPOKX6VTLA5PI4GL4YCXZRIQ,Laurel Winchester,5.0,The softest blanket I have ever felt!,,0
B06XDJP2WX,2017-09-04,AEPFYJVKR6QJ534WY5E2DERJHGZQ,eric grignon,5.0,You will love it!,,0
B06XDJP2WX,2018-05-01,AFQD7KZ4I67W5N62VR2MRVBJVCUA,BAS_PhiPhi,5.0,So easy to swaddle! And BEAUTIFUL!,,0
B06XDJP2WX,2018-03-11,AFF2SHNTDDYSU37G5EEH7RFWSZRA,Nora Reynolds,5.0,So soft & nice. Much better than there cotton stuff,,0
B06XDJP2WX,2017-06-12,AGA5QQGVFHW7YIAL52IRGC6KU2BA,Lacie Coffman,5.0,Extremely soft and Amazing quality,,0
B06XDJP2WX,2017-06-10,AGHPTR2SBXEJIUTGJXL2XGGP35DA,Morgan Elliott,5.0,This thing is so soft! It's gorgeous in person ...,,0
B06XDJP2WX,2017-10-24,AGBLK567O5IPBI2L4T67DWRMEMZQ,Ashley Konkle,5.0,These are the by far the best swaddles. Our little girl uses these every single ...,,0
B06XDJP2WX,2018-03-01,AHUCQ65GKZ6ELXNXHVVMMAAZK7SQ,Gina,5.0,Five Stars,,0
B06XDJP2WX,2017-06-20,AH7QWYP57Z2E6NB5E5UQU3WE2A5A,Karen B.,5.0,Such a beautiful blanket. It is super soft,,0
B06XDJP2WX,2018-03-18,AHPHDDDMSB74BJLWZYGM53K4IQXA,claudia rodriguez,5.0,"Love it, I was very excited to get it ...","  Love it , I was very excited to get it for my baby girl and i was not dissapointed. Love the fabric , the print it's as beautiful as shown in the pictures and it's a very large size , super convenient , will be ordering some more very soon. Thank you.",1
B06XDJP2WX,2018-10-07,AHUM2LOQPNCDE2OITY4QUSTP2OYA,H. White,5.0,The Softest Blanket!,,0
B06XDJP2WX,2018-10-12,AHOGGVCLCAPRBH3KJGUARCGKFO2Q,Cara,5.0,LOVE!,"  Incredibly soft. Love the size and I get compliments when I'm out. Love Copper Pearl and my little girl loves it, too.",1
B06XDJP2WX,2018-10-27,AFI2UVAXVYZFFWHD33ZEKKTZT5HA,Abbie,5.0,It‚Äôs heavenly soft!!!,  This is the most soft swaddle I‚Äôve ever touched! Truly worth the money!! I‚Äôm sooo happy I got it! It‚Äôs gorgeous & silky soft!!,1
B06XDJP2WX,2018-10-18,AGHYLHQSME4ZMJYLYEEP3CNHKRKQ,Amazon Customer,5.0,Perfect for swaddling,"  These are stretchy and not too warm, perfect for swaddling baby. Very soft.",1
B06XDJP2WX,2018-10-08,AHYXCJZUWRAJ7QGMMBCEZ22WQYUQ,F. Mtz,5.0,Just perfect,  Love this blanket. It‚Äôs so soft! Just don‚Äôt put it in the dryer; let it air dry or else it will be ruined.,1
B06XDJP2WX,2018-10-07,AGG2SYB72ZPK2QXOSYJPIODDE7PA,Amazon Customer,5.0,Love it!!,"  Super cute, big and very soft",1
B075KNSDR7,2018-02-01,AFJKOHJQY4XIUAPS2RBJB5XVYPGA,Brooke Parker,5.0,ALL TIME FAVORITE BABY BLANKET,  We LOVE copper pearl swaddle blankets. They have a great stretch to them. It was perfect for swaddling my little girl for the first 6 months. I also used it as a nursing cover and we still use it for my toddler as a light blanket. I bought this one as a gift for my husbands boss whose wife is due to have a baby this month.  The fabric holds up well to many washes and hardly fades.,1
B075KNSDR7,2018-02-07,AGRWGLE5BDTLGRUF7B7RLDUISF7Q,Kayla Phillips,5.0,Love,  Hoping they make a bike swaddle soon before my triplets are too big for swaddles!!! Love the black and white! Dino's are so cute! I own all the boy swaddles they are big soft and stretchy! We love copper pearl so much!!!,1
B075KNSDR7,2018-01-02,AH5KTVDM6DTCCGCUSN4ZR3OEAQVQ,Elissa M,1.0,I love to swaddle my baby with them at night because ...,"  I have 5 Copper Pearl blankets in total. I love to swaddle my baby with them at night because they still allow him to stretch a bit. However, the fabric on the dinosaur print is starting to pile already and we have only been using it for a month.",1
B075KNSDR7,2018-01-09,AGJ7GYZ7WO2PNCGQSQ5PBNT7JHPA,Trb333,5.0,Cute Print!,"  Absolutely love the material of this fabric, only downside is the dark dinosaurs show through on the back - not a big deal though. My son loves this. Very soft and stretchy.",1
B075KNSDR7,2018-05-02,AERBUKBNAFPODRIUPK4KPUG4WQMA,Lindsey Irwin,5.0,Incredibly soft and stretchy!,  As a first time mom you want only the softest things for your babies skin- well this swaddle is 100% what I was looking for! I immediately bought another one after loving this one! I will be forever a copper pearl Mama!!,1
B075KNSDR7,2018-05-12,AEVE52VZ3NJEPLE7YH5WYEB4C3FA,Melanie Thomas,5.0,Nice material,"  I bought this as a gift, so I don‚Äôt know how it has worked, but it came as expected. Good material.",1
B075KNSDR7,2018-08-21,AENYTENPCYACAQV4XDZPTRXV5VFA,Erin C.,5.0,Softest swaddle I‚Äôve found,  So soft and stretchy!,1
B075KNSDR7,2017-11-27,AFWPWCUXCCHTNPKZ46NOUA52IIOA,cally,5.0,My favorite,"  These blankets are by far my favorite! So soft and I love the strechyness. I bought originally to use as a nursing cover, it works so well. My older kids love them as car blankets. They're perfect!",1
B075KNSDR7,2018-02-08,AG4RM3RSRFNSED7OD62WMJ735C6A,Geoff,5.0,Five Stars,,0
B075KNSDR7,2018-11-14,AGLOI5O57D7GQEG3YWQHO6NLY3IA,Tina Greenwall,5.0,Perfect!,"  I love copper pearl!! So soft, and super cute!",1
B075KNSDR7,2018-11-03,AFBQY2JLAGXC45EWYQ54KALABHTQ,Jorge,5.0,Must buy for your baby.,  We use it every day. Worth every penny.,1
B06XXKQP32,2017-08-07,AFJCPSGVPYBWIY3Q6HEBJYJEXN3A,Stella Yo,5.0,Beautiful!,"  I haven't had a chance to actually use these yet (first baby due in December), but I already love them! The material feels thick, durable, and soft; the prints are gorgeous (I bought the ""Woodland"" set); they're the perfect size. Everyone I've showed them to loves the prints. I will be buying more! Totally lovely! I will update my review after use",1
B06XXKQP32,2018-02-02,AE2RGIUNP2J6ARM6DRZRGJADOI7A,Peter Hamburg,5.0,Best cloths Ive found.,"  Cant get enough Copper Pearl, we probably have 3 sets of these burp cloths and they are the best cloths we have. Super absorbent and who doesn't want to be cute when burping a baby? After lots of washing the colors are still bright and the material is holding up perfectly. Baby registry MUST have.",1
B06XXKQP32,2018-04-07,AFYMRCGLML6YBLVJ2VEFUQFBZ2DQ,Lyst83,5.0,So Plush,"  I love these. I love how soft and plush they are on my son‚Äôs face. I love the quality of them, the size of them, the design. I love everything about these burp cloths and I have purchased several sets. They‚Äôre also super absorbent. I dig that.",1
B06XXKQP32,2017-08-28,AFOGCS2G25AFY3U77YHFMGCLI7MQ,Kelly Karr,5.0,Very soft and absorbent,"  These are the best burp rags we own. We bought Aden and anais and their off brand version (neither worked for what our baby spits up), we also bought other muslin burp rags, while I like the muslin. These are just more absorbent and soft and worth the money. I hope more prints are offered in the future.",1
B06XXKQP32,2018-06-20,AEEBAEUEOSFNWDZEBQDJ34QCRXRQ,Dana,5.0,"Big, Soft, Absorbent",  I love these burp clothes. I recommend them to every mom I know. I breastfeed and when my milk lets down will feeding it sprays a lot and chokes my son. These easily and quickly soak up the overspray. They are also very big and soft.,1
B06XXKQP32,2018-03-09,AG75H2EOXNHRIS26HQT4M4RHG2SA,Susie,5.0,Favorite Burp Cloths,"  These burp cloths are great if your baby drools or spits up a lot. Super absorbent! I have not had an issue with moisture seeping through on to my clothes. They are also wide, long and don‚Äôt st life off which is perfect since my baby likes to move around a lot. This is now the only brand of burp cloths I use!",1
B06XXKQP32,2018-03-09,AGHAAYM5HFUY7AAX5QIOBCVJNHQQ,Erica,5.0,Love these large burp cloths!,"  After experiencing life with a newborn, my husband and I immediately fell in love with these burp cloths! Large, absorbent, cute prints and love the texture! I bought some as a baby shower gift and want to buy another pack! Way better than the thin ones from our target registry",1
B06XXKQP32,2018-01-16,AFHHONZLNYFSHQ3XOV75U4IIMWEA,Amazon Customer,4.0,They do shrink,"  Overall I like the cloths. They are soft cotton, thick and a large size BUT they do shrink. With that being said they are still larger then most burp cloths even after shrinking. I have a before and after photo attached.",1
B06XXKQP32,2018-02-13,AFWD6HEWVIRMVUSN5NJR5FU5OPMQ,Stephanie E.,5.0,Super absorbent and big!,"  These are the best burp cloths I‚Äôve ever used! I got another pattern for a baby shower gift, and had to buy more. These absorb all the liquids, and are BIG. You know when using other burp cloths, if it isn‚Äôt placed precisely in the right spot on your shoulder, and the baby spits up, it still gets on your clothes? These cover all of the shoulder, chest, and upper back. They are great!!",1
B06XXKQP32,2018-01-20,AENB7BYSQ5DKNKVSI2NOWNLRE3AQ,Jen,5.0,"Large, but really cute and absorbent. I have ...","  Large, but really cute and absorbent. I have two kids and have tried everything and although these are the size of a cloth diaper they are much nicer looking :)",1
B06XXKQP32,2017-08-12,AFTNHNQ3AECNV4THQTHL4FVIREIQ,Vanessa,5.0,Love these,  These are so adorable. They're soft and thick enough to be absorbent. I love the prints. Perfect for my little guy!,1
B06XXKQP32,2018-01-05,AGMP2EBFPEVIIYDGHMUZ5POVYLLA,Cory & Brianna Cunningham,5.0,Great size and very absorbant!!!,  We absolutely adore the Copper Pearl burp cloths. They are long and very absorbant! The adorable prints don‚Äôt hurt either!!!,1
B06XXKQP32,2018-02-02,AE5T7XZBI4TCVXECZWSPEZ2M5O4A,Amazon Customer,5.0,Loved these burp cloths,"  Loved these burp cloths. Nice and thick material, and so soft for babe. Would definitely purchase again or get as a gift.",0
B06XXKQP32,2018-06-09,AH2QTX275N4YTUJV5BZGIDDCTDBQ,mjD,5.0,Five Stars,  These are beautiful.,1
B06XXKQP32,2017-12-31,AGLRFZZVIESSLX5F5CBIMEQVMI5A,Amazon Customer,5.0,Five Stars,  Nice and thick and really cute patterns.,1
B06XXKQP32,2018-06-09,AGYANZWEEQDBRKHFKCLRF3NPO6BQ,Hummingbird,5.0,So good! My sister in law got me a few ...,  So good! My sister in law got me a few of these from the store. I love them so much I looked it up on Amazon and bought more. They are my go to!,1
B06XXKQP32,2018-01-27,AFC3N3WFTWUKFUZPBEYGWJR7CEFQ,Tatiana Oben,4.0,The print quality is not as good as I expected,"  The print quality is not as good as I expected. However, they are very soft and big. I hope they are as absorbent as I‚Äôve heard they are.",1
B06XXKQP32,2018-01-22,AGNWQRSCAIDVGMLI6NSZEH4ONTRA,Khmer Lotus,5.0,Highly recommend,  Great quality these are better than I expected them to be I would purchase again will purchased more,1
B06XXKQP32,2018-06-26,AEOVCFBFE3DVOZH4SZ5P4KV5JYOA,Molly,5.0,Large and Absorbant,"  I love this product so much I actually bought all the different designs offered! Burp cloth is very large and absorbs a lot! Both of my sons tended to spit up, and these burp clothes were perfect at keeping them and me dry.",1
B06XXKQP32,2018-08-27,AGV7CZDJAVIVLEIL2UPON4I4JXNQ,TP1169,5.0,Five Stars,  Love the quality and design of these burp cloths. My go to gift now for new moms to be,1
B06XXKQP32,2017-09-22,AGYBNLZEGJTZVS4XTYAIZSREZYIA,A. Garrett,5.0,These are a great size and are large enough to cover your shoulder ...,  These are a great size and are large enough to cover your shoulder and protect your clothes! They are sturdy and are overall well made. I would definitely recommend these burp clothes!,1
B06XXKQP32,2017-11-27,AH2XXPWJKMNLI35XOXBEDCZC4PFA,Bri,5.0,Great purchase,"  Thick and soft cotton material, and great patterns!",1
B06XXKQP32,2017-07-13,AEJ6JJ7C7KAGHT7EY35X6YNYBQBQ,Rebecca S,5.0,Best burp cloths!,"  This is one of 3 sets I purchased of these burp cloths. They're huge, soft and the best prints! Love them!",1
B06XXKQP32,2018-04-16,AG46NHVEXRDQS24IFH3XHVTMOFXA,Nichole,5.0,Even better than expected,"  Even better than expected! Great quality, super soft and such cute prints. Will definitely be purchasing more from Copper Pearl in the future!",1
B06XXKQP32,2018-09-14,AFV2WVF4NDQG54DRPHRGPQOIR2KA,Christopher M. Loeffler,5.0,Great product,  These are a perfect size burp cloth compared to so many I've found. They are soft and pretty thick too.,1
B06XXKQP32,2018-04-03,AHRKZFY533AJUSHS2QXDU2L2YEEA,Rachel,5.0,Five Stars,"  Love these! Thick, but still soft and tbey absorb quite a bit too.",1
B06XXKQP32,2017-09-13,AEAELH6M46WYQOE5P5N2J3EFQ2QA,medschoolshoejunkie,5.0,love these burp cloths,  love these burp cloths! we have several other colors/patterns as well. they work great for bigger babies with more drool and bigger spit ups too :),1
B06XXKQP32,2017-12-17,AGED26Q4ARDIT7LS53UYYX4HWSPA,rebecca,5.0,Five Stars,"  These are amazing, soft and thick and super adorable! Great quality!",1
B06XXKQP32,2018-05-11,AFORA5GVDE5CPCCBGWIFY7N7R5WA,Dani H,5.0,Five Stars,  These are my favorite burp cloths! They are large and so incredibly soft!,1
B06XXKQP32,2017-08-27,AHV3PRJM4GOB5BBTJSURZ5ESYBRQ,Lauren Stephenson,5.0,Five Stars,  These burp cloths have be amazing! They are nice and thick and work wonderful!!,1
B06XXKQP32,2017-12-15,AEYXYQBFQWPBYMV4W4QXMREMUO5Q,CJ,5.0,Five Stars,  Very absorbent and big enough to cover shoulder,1
B06XXKQP32,2017-08-15,AGFS272J5PEVYUR5LM5G6CCCFUYA,Amazon Customer,5.0,The best!,  Love these burp cloths so much they are now my go to baby gift!!! Thank you copper pearl!!,1
B06XXKQP32,2017-08-16,AGVESJAF2B7RJBLT53I2GPSNWCAA,stephanie schmitz,5.0,Five Stars,  Love them! They are the perfect thickness and softness.,1
B06XXKQP32,2018-02-18,AHJJ23MEMBG2A6MC57QW272GLRYA,Amazon Customer,5.0,Love These !,"  love these burp clothes , nicely sized and very absorbent! would def recommend",1
B06XXKQP32,2017-11-11,AGCGL6LKEMLVA3VKA3CZKY5UHV7A,Amazon Customer,5.0,Five Stars,"  Beautiful! Very nice quality, thick and absorbent!",0
B06XXKQP32,2017-11-29,AEZHQGNHSBUICNA2FNUTQQC2WRDA,Rebecca J.,4.0,Four Stars,  Perfect baby shower gift - matched her decor perfectly.,0
B06XXKQP32,2017-07-28,AGMWSAWJKUXALSUCTTEZL5GCYJ2A,Amazon Customer,5.0,Nice Burp Cloths,  These are very stylish and my wife loves how well they are made. Definitely a good buy :),0
B06XXKQP32,2017-09-13,AGDI5E57AYPGUMXQTDCXQDIF5ZDA,Kelsey Torres,5.0,Five Stars,"  Excellent material, also bigger than most burp cloths. Love!",0
B06XXKQP32,2018-03-07,AGRECQCYSWQEXVMQ3CXUKCAYHAEA,GC,5.0,Love them!!,,0
B06XXKQP32,2018-06-10,AEIC5PSW4LV4DEMNG5WY3UXVQUNA,Jake Giebel,5.0,Absorbent and durable!,,0
B06XXKQP32,2018-10-12,AFMS7YPAU5GD6WZABTOHSAJZSC2A,Keisha,5.0,"Soft, absorbent, perfect shape","  These are labeled for boy, but I bought them for my daughter. They could be for any gender. We love them. They are soft, absorbent and large enough to cover my husband's shoulder during burping and contain any messes.",1
B06XXKQP32,2018-10-18,AE54WNMOYON6NHQCWVDBRHMRN7LQ,Amazon Customer,5.0,Great size + very soft,  We love these! I love the larger size and great patterns on these. They are also very soft & baby likes them.,1
B073SCXP26,2018-05-27,AFSBX5OVGYFLTYAEINDN3NGWNZ7Q,florg29,5.0,Beautiful hat,  I love this hat. The material is super soft and stretchy. You can adjust it for a newborn to 12 months old it‚Äôs totally awesome. I also love the fact that you can also order the blanket to match which I did and I used it to bring our daughter are home from the hospital. The swaddles are amazing as well as the house.,1
B073SCXP26,2018-05-15,AF647T2S44ALEECMDVTQP4ICYHTQ,Alison,5.0,Soft and cute!,"  Got this to match the swaddle blanket I purchased and it'll be great to dress baby in at the hospital! I like that you can adjust the hat size as baby grows by re-knotting the top, but it looks a little like a stem right now since I have it tied tighter for an infant head. Should work nicely though. :)",1
B073SCXP26,2018-08-25,AF42VIG2PPZTMQRLZ7ZDQ3OJZK5Q,CourtneySp,5.0,Beautiful,"  Material is extremely soft, colors are just like picture and so beautiful! I can‚Äôt wait for babies arrival so she can wear this adorable hat! Got matching swaddle blanket too ‚ù§Ô∏è",1
B073SCXP26,2018-09-21,AGVSCJAUDF7ENVNIYKY2QYEH7BCQ,Kayleigh,5.0,In love with this brand and these hats!,  I really loved these hats! They as so soft and can be adjusted! My newborn and one year old can both wear them! Plus they have beautiful prints! I bought them in multiple prints because I loved them so much!,1
B073SCXP26,2018-05-10,AGQWMAHYWSTGBDRI3H6OIEZBM5LA,Sarah,5.0,Amazingly soft and beautiful!,"  I‚Äôm an OB nurse and the first time I saw these baby hats and blankets I fell in love! They are the softest fabric ever and stretch just enough to make the perfect swaddle! Very cute prints too! I bought this and the matching blanket as a gift for a friend (and fellow OB nurse), I know she is going to love it as much as I do‚ù§Ô∏è",1
B073SCXP26,2018-07-29,AFNI2C3GRBCPIQOT3H66FUQYRPJQ,KmmTop Contributor: Baby,3.0,Weird fit,  I love copper Pearl. I just don't love this hat. It fits weird. Too tight but too long. Didn't look cute,1
B073SCXP26,2018-09-11,AHIHIAQIF6KWVN2OA4CONWEOHYUA,Amazon Customer,5.0,Great Quality,"  Copper Pearl makes great products. I found their items when my son was born 3 years ago and they're the best bibs, burp clothes, and other accessory items; super absorbent and easy to clean. The prints are adorable and I have been gifting them to all my friends that have recently become new moms. Thanks for making such cute and high quality items.",1
B073SCXP26,2018-05-28,AG6OMZA4OXARTQVHA5H7ET3T7ZYQ,C. Carre√±o,5.0,Colors are beautiful. I cannot wait to see it on my ...,"  Sweetest, prettiest print! Colors are beautiful. I cannot wait to see it on my baby girl who has yet to arrive. The material is very soft.",1
B073SCXP26,2018-08-30,AGTX6XPN2VN36HN64CBDVLPASDKA,Rachel F,5.0,Gorgeous and soft.,  So soft and just gorgeous. It was her first outfit!,1
B073SCXP26,2018-06-11,AEKUMOYAZKITSR4YVF5Y42YMEQXQ,Amanda,5.0,Love it!,  So soft and pretty!,1
B073SCXP26,2018-01-07,AENIQU6LLAYSHHCVA426LAKGY32A,Jose & Kiara,5.0,Five Stars,  very soft and great quality!!!,1
B073SCXP26,2018-06-13,AGLS2R2ZEOQ2YJOU4CDDF63F32BQ,Abiha.kassamali,5.0,Love this design and the fact that it's adjustable,  Love this design and the fact that it's adjustable. No other hats fit my newborn except for the knit ones they give you at the hospital. Now baby girl looks even more adorable!,1
B073SCXP26,2018-05-24,AEP4E52Z3BBGAD2PCUKXETAAP4NA,Sarah E.,5.0,I‚Äôve gotten countless compliments on this. Not only is ...,"  I‚Äôve gotten countless compliments on this. Not only is the print gorgeous, but the fabric is so incredibly soft.",1
B073SCXP26,2018-10-01,AHGA26QKW3BO6YFD4GHX7XUNZKFQ,Melody Rios,5.0,What I needed,  Perfect for my 3 month old.,1
B073SCXP26,2018-07-04,AFB2CKKMPQQUTVAQERXW5NILLS2A,Julia Peerenboom,5.0,Five Stars,  So cute with the matching swaddle! Can't wait for this to be baby's first beanie!,1
B073SCXP26,2018-08-03,AETSCDKC6V3S5LRRFHKDQ2ION5AA,Lacey Ross,5.0,Adorable hat and swaddle.,"  Beautiful pattern. Soft fabric and excellent quality. I haven‚Äôt had a chance to try it on since baby isn‚Äôt here yet, but I think it will look great.",1
B073SCXP26,2018-09-24,AGD2YN7QPF6EVDVVPWSLC5RUWAVQ,Amazon Customer,5.0,Good fit for newborn,  I needed a comfy hat that would stay on my newborn‚Äôs little head. This hat fit her perfectly. I just adjusted the knot at the top. Easy peasy!,1
B073SCXP26,2018-03-11,AFF2SHNTDDYSU37G5EEH7RFWSZRA,Nora Reynolds,5.0,Five Stars,,0
B073SCXP26,2018-06-20,AGRIJE7MRDPWST76Y4ADEXRG3C5Q,Laura A Hensley,5.0,Five Stars,,0
B073SCXP26,2018-04-07,AHLLQVRY432K6C4RJD4Y33O22UCQ,Amazon Customer,5.0,This one was PERFECT and soft,  I tried many hats on my newborn and most were too big or kept falling off. This one was PERFECT and soft! I also love the fact that it has the adjustable knot at the top. This is added to my list of baby shower gifts!,1
B073SCXP26,2018-03-12,AHRGQKKRG3G62EN7B2LZMUA5CXKA,Kate O'Ryon,5.0,Love this hat for my newborn,"  Love this hat for my newborn! It looked too big when it arrived but I tried it on her, adjusted the top knot, and it fit perfectly! The fabric has some stretch to it so it will fit for a long time. Love the pattern!",1
B073SCXP26,2018-02-28,AFZPQNXZJR3MOP2WNRFEW6B5HQOQ,Cynthia T,5.0,"They are adorable, soft","  I am absolutely obsessed with these hats, my husband and I keep saying they‚Äôve ruined all other baby hats for us! They are adorable, soft, and actually stay on her head. Love them!",1
B073SCXP26,2018-02-26,AGJSYKUU7SB2CGODDNB7OJI3CXWQ,Lavinia,5.0,I love copper pearl for newborns,  I love copper pearl for newborns! Super comfortable and cute! I have their swaddles too and I‚Äôm just in love!,1
B073SCXP26,2018-02-18,AHDROHVNU6VDUA3L5X4WGPZL6E2A,Margaret J.,5.0,Five Stars,"  Loved the colors, the style and the softnesss!",1
B073SCXP26,2018-01-13,AHZEVVXLILLHIR2R5YLNZKDFIH6Q,Brooke Slump,5.0,Five Stars,  Love how you can adjust the tie to fit any size head!,1
B073SCXP26,2018-10-24,AGRRB3QIYGGCMUAGEUZTRCMM6TTQ,Nathan,5.0,Five Stars,  Beautiful colors and perfect for newborn pictures!,1
B073SCXP26,2018-03-08,AEJMHJLB5WLFNG4TQDUOYWKM76WA,Zazzles8815,5.0,with a great print. More expensive than one hat should be ...,"  Very soft and stretchy, with a great print. More expensive than one hat should be compared to similar brands, but the quality means it is worth keeping.",1
B073SCXP26,2018-10-27,AET5RYDWOH76L44P4CAKUAMTDHZQ,Sarah,5.0,Good for newborn to 4 months! Not so much for older or larger heads,"  I listened to the reviewer who stated it ""fits up to 12 months"" and that's not true for us.  I received the matching carseat cover as a baby shower gift and now that it's getting cold, I wanted the matching hat! Unfortunately, buried in the description is the fact that this adjustable hat fits best up to 4 months. Our daughter is 7¬Ω months but has a 9 month sized head so this doesn't work for us. It was very tight and long.  The fabric is so soft and pretty but it is too tight for my girl.",1
B073SCXP26,2018-11-03,AEEHG2USVMDV7QSA2V5GE7O4XE2Q,Heather,5.0,The best,"  Favorite company, favorite fitting for a growing baby! Will always buy for my friends who are expecting.",1
B073SCXP26,2018-10-24,AHIPA3XBGHMVBSTR2IY7XMHFK4WA,CEC,5.0,As promised.,  No problems.,1
B073SCXP26,2018-11-08,AEXB623WYBE22NBCRD77K2Z6SDMQ,Sesily,5.0,Love these hats,  Love these hats! Great quality and super cute!! Fits my newborns head and she is tiny!,1
B06Y5LXM9T,2017-10-03,AHMCPOUUKI6WCKHEBLZH73VIIQRQ,Beanie,5.0,A MUST!,  These are the BEST burp cloths!! They are super thick so you can get many uses and they don‚Äôt leak through! They are also such cute patterns and softest material. I could buy them all,1
B06Y5LXM9T,2018-11-01,AGRQFHAPR3ODCXAPJ6OHS5MDBXPA,Nell,5.0,The very best burp cloths!,"  I still LOVE these cloths! I got them when I was pregnant, my daughter is 13 months now and they‚Äôre still going. Now only use them sometimes as ‚Äúnapkins‚Äù and always carry one for when she falls asleep on daddy‚Äôs shoulder to avoid getting marks/rash with rough clothing. These are super soft, long and with perfect thickness to protect from milk getting through. Seriously, this is one amazing baby product.",1
B06Y5LXM9T,2017-08-07,AGFS272J5PEVYUR5LM5G6CCCFUYA,Amazon Customer,5.0,My favorite!,"  Love these burp cloths so much I had to order another set! They are my favorite because they are so soft, super absorbent, and have the sweetest patterns üòç. You cannot beat the quality either!",1
B06Y5LXM9T,2018-06-05,AE52KZ256DF5SQFHIJBIU2NGOAMA,YAYteaching,5.0,Wonderful products.,  Beautiful patterns and thicker padding than other burp cloths. They are nice and large so if you want to use them as a makeshift blanket for baby while feeding it does the trick. I recommend washing on gentle cycle and air drying.,1
B06Y5LXM9T,2018-09-30,AFPRSNKU5P56TFVIXH4D4QDY7MMQ,Amazon Customer,5.0,Cute and absorbent,"  These are the best! I love Copper Pearl! I wouldn‚Äôt buy any other brand of burp cloths or swaddle blankets now that I‚Äôve used ones from Copper Pearl. These burp clothes are cute, thick and have yet to leak through. I‚Äôll probably just donate my other brand burp cloths and get more of these! They‚Äôre so worth it!",1
B06Y5LXM9T,2018-08-13,AEOQNHBLN7IKWQ2OOWQD4WTHPJEQ,Krista,5.0,Great feel and quality.,"  These were delivered quickly, and I love that they are all cotton, and the pattern is darling.  My step daughter had them on her baby registry. I love flowers so I had to get them for her.",1
B06Y5LXM9T,2018-06-03,AGXIYTAWD4LTXW7BCRXFY3ZVIN5A,J,5.0,"Moms that like to research burp cloths, search no more, these are the best!",  LOVE these burp cloths! I've tried every brand for my little one and these are the only ones that are soft and get the job done. JAR are also good but these are superior.,1
B06Y5LXM9T,2017-12-11,AGIZE7OVXSZURMMTFVLTXNKYUAGA,Amazon Customer,5.0,Great quality and beautiful prints,"  Great quality and beautiful prints. I technically haven't used them yet as our first baby is coming in February, but they are thick and made well so I went ahead and ordered more. I highly recommend!",1
B06Y5LXM9T,2018-07-25,AHSWLOILX266CUFCNZGZJYLYE5FA,Whitney Stamps,5.0,Excellent buy!,  Love love these. Perfect size and gorgeous patterns!,1
B06Y5LXM9T,2018-04-17,AGEYFM2WBHB4EXOSJIVM3FB2BEVQ,Amazon Customer,5.0,Best quality burp cloths available!,"  These burp cloths are not only beautiful, they're very well made and can withstand multiple washes. Extremely absorbent as well. They're my go to shower gift now!",1
B06Y5LXM9T,2017-08-02,AHRYUFIW6Q6WSHYSIHK73ACXIPEQ,G.D.,5.0,I love how thick they are,  Really cute! I love how thick they are. I would buy more but $20 for three was already a bit too expensive for my tatse. But these three will be used daily!,1
B06Y5LXM9T,2017-07-25,AGKR3EKYNUERTACJA5IW3XEWEJEA,Machelle,5.0,They are also a large size so great for protecting your clothing and furniture from spit up,  These are so cute and soft. Thick and absorbent. They are also a large size so great for protecting your clothing and furniture from spit up.,1
B06Y5LXM9T,2018-08-01,AE5EGW6KKDO52GBML4SE5VTUC6IQ,D. Armour,5.0,delivery was super fast also,"  Omg I just received the burp cloths and blankets and hats for our twin grand daughters to be born any day! the quality of this product, feel and style is so precious!!! I can hardly wait to wrap them up! delivery was super fast also!! thanks again copper pearl!!!",1
B06Y5LXM9T,2018-06-06,AFIAC7Q4H7REZQSLKTWPEFO543HA,shandi novakowkski,5.0,Five Stars,  I love the look and function of these so much! The bloom pattern is my ultimate favorite! üòç,1
B06Y5LXM9T,2018-02-17,AEFVVGV3LVLPQAMWQRALQMT4S2TQ,Steve Serna,5.0,These are made of great quality and such a cute style,"  These are made of great quality and such a cute style! I appreciate that they are not as small as the Burt‚Äôs Bees burping cloths, they are a good size. I would recommend to anyone and everyone!",1
B06Y5LXM9T,2017-08-04,AEQTG56JSRFPQLOEDPYISFARWNAQ,Amanda Lloyd,5.0,I love these burp cloths,  I love these burp cloths. Really thick and larger/wider than a traditional burpcloth for more coverage. I have tons of Copper pearl products and have always been really happy with them after multiple washes!,1
B06Y5LXM9T,2017-08-26,AHVUUTS2WFNNWWAGTURGLLKWKT4Q,Lovestashop723,5.0,Perfect!,"  My little one has reflux and we needed bigger, better burp cloths. These are AMAZING! Super soft and super absorbent. I ordered six and will be ordering more! Thanks for another beautiful item!",1
B06Y5LXM9T,2017-08-22,AG4MCB7TZ3AQO7UDWO3BMQMEO3FA,hana,5.0,Such great quality and beautiful design,  Very absorbent. Such great quality and beautiful design. Definitely worth the money. Definitely getting more,1
B06Y5LXM9T,2018-03-27,AEXH5FODFVHYQ4GVEJBTDS6YESUQ,Crystal Palacios,5.0,These burp cloths are amazing! They are large enough for both my husband ...,  These burp cloths are amazing! They are large enough for both my husband and I and they last very well through washes. I‚Äôm ordering more plus their swaddles and bibs!,1
B06Y5LXM9T,2018-04-17,AEFB3PPX3YV2ENHSUM44DMCDPC6Q,Amazon Customer,5.0,My favorite!,  My favorite burp cloths! They are beautiful and functional. They absorb great. I wish they had more girly prints.,1
B06Y5LXM9T,2018-09-17,AH7QSEOADXNQM4QTEJN4N7HHSPJQ,Amanda Brown,5.0,Cutest prints!!,  These are great! They‚Äôre very cushiony. They wash well. I haven‚Äôt put them in a dryer though. When out of washer I stretch back into perfect shape and lay flat to dry.,1
B06Y5LXM9T,2018-04-20,AFT7DY5ZNBJDU227S5T6IBVKXCQA,Mgomez,5.0,Five Stars,  Adorable burp rags. Very soft unlike others we have. They are a decent size as well.,1
B06Y5LXM9T,2017-08-14,AEJWGB5XA736ALRX3DKLO6HK6JWA,Amazon Customer,5.0,Great Size and Beautiful Patterns!,  Loved these adorable burp cloths. I knew I had to have them when I saw the beautifully unique prints. They were shipped very quickly and are very high quality. I will definitely be ordering more!,1
B06Y5LXM9T,2018-01-24,AFOJ7ZADL7TKX5Y2RMPYRBYCMWPA,Jacquelyn Montgomery,5.0,Five Stars,  Lovely burp rags that are bigger than the normal size.,1
B06Y5LXM9T,2017-10-19,AHDGDBOEXE3KVGTAQ22RCYO7EPLA,Amazon Customer,5.0,Five Stars,  Love these! They are soft and thick enough to catch spit up.,1
B06Y5LXM9T,2018-07-04,AEVGK5BRFGY3EQLGQHQFHVA3PRIA,MG,5.0,Great product,  These burp cloths are much larger than what we expected to receive which is a plus. We haven't been able to use them yet as our little one has not arrived yet. We can't wait to put them to great use. Great product and I would recommend it to mom's for their little ones.,1
B06Y5LXM9T,2018-01-22,AFUR6QMOY5PAAZTONHPZPBFP5EFQ,Lindsey L.,5.0,Five Stars,  Such pretty prints and nice size!,1
B06Y5LXM9T,2017-07-31,AG2BBDDIHGFWAIRKX3GWC6PC3FXQ,Amazon Customer,5.0,BEST.EVER,  These prints are adorable!!!! .....Long and wide! Exactly what you need in a good burp cloth! I highly recommend these! I will be tossing out all my burp cloths and replacing them with these!,1
B06Y5LXM9T,2018-01-19,AEX2BFPBVG537SAMEP57PI4QZDUA,Amazon Customer,5.0,Five Stars,  Love these burp clothes! Have bought a lot of them and would highly recommend.,1
B06Y5LXM9T,2018-06-05,AEXGV5FD4BDONHWY37IOMZGP3CDQ,Cynthia J. Jarmer,5.0,I highly recommend the burp clothes by Copper Pearl,  These clothes are thick and soft to the touch. I highly recommend the burp clothes by Copper Pearl!,1
B06Y5LXM9T,2017-11-21,AF722XEX7UNGHVMY5SDFA7GYBO3Q,Michelle,2.0,I returned these as soon as I felt the fabric ...,"  I returned these as soon as I felt the fabric. I don't know what they are made out of but the fabric feels weird to me, and I would not my face wiped with it, so why would I use it on my baby?",1
B06Y5LXM9T,2017-11-09,AE3NEEEHKDWTRGHLLDOEXLMLGYCQ,Amazon Customer,5.0,Perfect,"  Looove these. Adorable, great size and very absorbant. Vibrant color even after several washes.",1
B06Y5LXM9T,2018-05-28,AGRCFU2IKPMITTB4AZWAMT5WH5CA,Sheila Donoghue,5.0,Bought these for my daughter and her 2 1/2 month ...,  Bought these for my daughter and her 2 1/2 month old little girl. She loves the absorbency as her baby spits up quite frequently. My daughter also loves the floral patterns. They match other items on her Amazon Wish List!,1
B06Y5LXM9T,2017-11-09,AHDV6MF3JCQJAW2VHHZFTIEO25FA,Stephanie Mullikin,3.0,Three Stars,  I love copper pearl products - but these don‚Äôt absorb great. However they are cute & comfy!,1
B06Y5LXM9T,2018-03-20,AHPUQZHD5PHU2YUMQ42UA5GR5OYA,Amazon Customer,5.0,I love the bigger size of these super adorable burp clothes,  I love the bigger size of these super adorable burp clothes. They are very absorbent. Finally there is a product that is functional and fashionable!! A nice handmedown.,1
B06Y5LXM9T,2018-06-21,AEA23I4IJMOM3EUYCW6R3YXEKG3Q,Amazon Customer,5.0,The best burp cloths,  The best burp cloths! These are very thick and absorbent. I ended up buying a few sets and these are the only burp cloths we use.,1
B06Y5LXM9T,2017-10-18,AEYL2GO2WYZWDM4ZXJCVQDNGHDBA,Shelby,5.0,AMAZING!,"  The size is perfect, and the material is omg amazing! Very absorbent, and great with a reflux baby.",1
B06Y5LXM9T,2017-10-26,AHWK4NQINCUH4AZEVGNTPMMY6NKA,Teal,5.0,Five Stars,  Love!!!!!,1
B06Y5LXM9T,2018-03-19,AG3I3IQAJOYLZSKLQUYHUCL4YSAA,Molly Katherine,5.0,Five Stars,  Super soft and thick! Can‚Äôt wait to use them!,1
B06Y5LXM9T,2018-02-17,AESZXQ33KEYQMSAPNIV6HYMSDELA,Megan,3.0,Three Stars,  Doesnt match the seaddle as well as i wanted. Colors are different.,1
B06Y5LXM9T,2017-12-13,AHRMN3VI4XWNCUI64VYGCGX2ECIA,Gwen,5.0,Great quality material!,"  So cute! It was a gift, so I won‚Äôt get to use them myself, but they were thick, good quality material! I was more than impressed!",1
B06Y5LXM9T,2018-09-11,AFSC47BQR35C2SA2K3HGP56UVLTQ,Kimberly Russ,5.0,Five Stars,"  Copper Pearl is my favorite brand for burp clothes and bibs. Burp clothes are big, soft and obsorbant.",1
B06Y5LXM9T,2018-03-23,AEA5NALAWLF4ZNUENTF7M5IC6XXA,Nancy Pedersen,5.0,Five Stars,"  Beautiful designs, plush absorbing cloth.",1
B06Y5LXM9T,2018-02-17,AHIIBLRSDQWTNSG3MWXVTKGPQYBA,Juliya,5.0,Five Stars,  Love these! Sooo soft!,1
B06Y5LXM9T,2018-07-28,AFDQDLSJ7TDEH4UCKJDMQLYSPY2Q,Amanda Shearmire,5.0,Love!,  Love these burp cloths! Nice size and thick material! Plus the patterns are so pretty!,1
B06Y5LXM9T,2018-06-28,AEKC4GXYIIOXZNHPPC6U4UFDEXXQ,Amazon Customer,5.0,Soft and pretty,  I bought these for a friend and she LOVED them. Super soft material and pretty prints. Planning to purchase more!,1
B06Y5LXM9T,2018-02-22,AG2CKXZUWMC2L7DPYGJXXPYBU44A,Kate Berneike,5.0,The best!,  I love these and wish I bought them with my first child. Large for bit spitters like my daughter and beautiful patterns. Will definitely be buying more.,1
B06Y5LXM9T,2017-08-15,AHPQHKADKKOO2DGJZSCLELG4WRIQ,susanna hanson,5.0,Love these!,"  Very pleased with my purchase of these burp cloths. They are large, super soft and the patterns are beautiful. Just what I was looking for.",1
B06Y5LXM9T,2018-07-15,AHZUIUOZX42FI6I4AQM7YXPRU4OA,Jackie Peace,5.0,"They are super soft, thick","  These burp cloths are TOO CUTE! They are super soft, thick, and absorbent!",1
B06Y5LXM9T,2017-12-01,AG3VQX3X7DS33C4LBTMU7NDY4L5Q,Mary,5.0,Five Stars,"  Besides being cute, they are large and seem absorbant for my baby that spits up a lot.",1
B06Y5LXM9T,2017-11-08,AF2VDNWWTO6DDXA4NJFHY73WXI5A,Amazon Customer,5.0,These burp cloths are amazing. They are soft,"  These burp cloths are amazing. They are soft, absorbent and have held up great through frequent washing. Definitely worth the money.",1
B06Y5LXM9T,2017-08-25,AE6LFWLOVUJQXO56BVFJTZMXDFGQ,Amazon Customer,5.0,Beautiful prints and so thick and absorbent,  Beautiful prints and so thick and absorbent! We love our copper pearl burp cloths. They will def be a go to for baby shower gifts!,1
B06Y5LXM9T,2017-12-13,AGNN2YCTRMXAT2FJSERUMF7AQQCA,Hannah Ryan,5.0,Five Stars,"  Beautiful design, perfect size, good quality. We love these burp cloths!",1
B06Y5LXM9T,2018-04-29,AFNGGTL4YLTWSLLEBSYNK5B4EVBQ,Matthew J. Skiles,5.0,Very Soft,"  Soft, big and gorgeous!",1
B06Y5LXM9T,2018-04-11,AELBB6Y3Y3PBAZDF7XD4HGTNSVXA,Amazon Customer,5.0,Five Stars,"  Great size and fun patterns. Loves them so much, I bought them for a gift as well.",1
B06Y5LXM9T,2017-08-09,AFTTFHM7IKRCHVDEEAZUGQ7VLZAA,Thomas Garcia,5.0,Love love love,  Absolutely love the burp clothes. They are so well made and the print is beautiful. Ordering more now!,1
B06Y5LXM9T,2018-02-19,AHR2CIE5YVHUU64EMLNVW3J2GHEQ,K.Stehn,5.0,Quality product,  Beautiful vibrant patterns and great quality made burp cloths!,1
B06Y5LXM9T,2018-04-12,AFX372OFEK3NQ5VTCHWMTPIFXGPA,laura,5.0,Five Stars,  So so soft!,1
B06Y5LXM9T,2018-03-26,AHV3YGHZCIHSBGGAL4UXWBT3P4JA,Nicole,5.0,Five Stars,"  Great size, great quality!!",1
B06Y5LXM9T,2018-04-15,AFKQ7DBUAH5EQ6OGG47PP7UCI4LA,Gabrielle,5.0,Love!,  I love these! Perfect material used!,1
B06Y5LXM9T,2018-08-01,AFO7SDFXJGE5PGNFPH2OGNGLQQ3Q,Rodolfo Pacheco crispim,5.0,Excelent,  Excelent,1
B06Y5LXM9T,2017-07-24,AHAL3I335GBYDZBA2GSRZJGXVE7Q,Jaden Reddout,5.0,Best purchase!,  I lovvvveee these! Best purchase!!,1
B06Y5LXM9T,2017-12-29,AFSK3K77KKFILFNZFCM5QUP6KKUQ,Johanna,3.0,Pretty print though,  These are almost too big. They barely stay on the shoulder and they are so thick. Usually that‚Äôs agood thing but for some reason they just seem cumbersome. Pretty print though!,1
B06Y5LXM9T,2018-01-13,AHVXM6GUW6VDBNNENNEW7QKNDGRA,Sarah,3.0,These are very pretty and I really like the size of them,,0
B06Y5LXM9T,2017-10-11,AFM3VAKEKPTXLJ3ZSQV3LBFCAP3Q,SRM,5.0,Absolutely love Copper Pearl for my own LO,,0
B06Y5LXM9T,2017-12-27,AEOWTZBD5ZN4CWFOREIGTNCFIDYA,t6star,5.0,Very absorbent!,,0
B06Y5LXM9T,2018-03-28,AE6FXIC2FR2P3VNAELRLVYDLSNDQ,Mykallie5,5.0,Best burp cloth out there!,,0
B06Y5LXM9T,2018-03-11,AFJYUDW2LLMAVP2L5F7FQPYGWP6Q,SHSTop Contributor: Baby,5.0,prints are adorable and exactly as pictured and the item cleans up ...,,0
B06Y5LXM9T,2018-01-23,AECZ2CUC47QYAYWUSUXZT2JZFODA,SVR,3.0,What type of cotton fabric it is????,,0
B06Y5LXM9T,2018-01-21,AEHDNAUGICX6MHOP36LOBVLTLKIA,Jennie,5.0,... these off our baby registry and they look even better in person,,0
B06Y5LXM9T,2017-11-09,AGLQM5DYA3A4EEZWM2AB7WSV2GDQ,Jessi Jordan,5.0,These are super soft and a great size,,0
B06Y5LXM9T,2018-06-07,AEFUZL45UPSMIMRD72QNQEQHZ3XQ,sheraud lee,5.0,Five Stars,,0
B06Y5LXM9T,2018-05-03,AFCXF3L4V5HRSOZOFEVWWH2KDJNQ,Williamson,5.0,Beautiful and Useful,  I love these. They are large and thick enough for the messiest baby. They absorb well and look great too.,1
B06Y5LXM9T,2018-01-10,AH2CMA67BWVW5CMEFXCU4TRNOBXA,Janalee McClung,5.0,Five Stars,  These burp cloths are large and thick.,1
B06Y5LXM9T,2018-03-18,AHPHDDDMSB74BJLWZYGM53K4IQXA,claudia rodriguez,5.0,In love with the product,"  In love with the product, the fabric it's unbelievable soft perfect for my baby's sensitive skin . I was not dissapointed.",1
B06Y5LXM9T,2018-09-28,AFGQYG4IHGVBKRQMALEUOCBKFUHA,Kindle Customer,5.0,Large and absorbent,"  These burp clothes are adorable. On top of that they are plush and absorbent. They're also a great size! Copper Pearl makes some great products and these are no exception. Very happy with the cost, and quality.",1
B06Y5LXM9T,2018-09-29,AG4WTNJUGUG7XCESKGMIAWNOF4XQ,Catherine Wallant,5.0,adorable,  They are very soft.,1
B06Y5LXM9T,2018-10-27,AGSVSPQFKFJ4JUK6AUJCHVQTNAVA,Topbrass,5.0,Loved these!,"  Loved these. Super large (will cover entire shoulder part of back/front) nice fabric, perfect for monogram. Will order more, perfect baby shower gift.",1
B06Y5LXM9T,2017-10-03,AG7AUA2YYTSSDT4DZQE5EKHIB36A,T & J & A,5.0,High quality and lovely patterns!,"  So soft, so absorbent, the size is incredible, and they are so versatile!",1
B06Y5LXM9T,2018-11-20,AEMWTATODIKSSM743OE7TM77FOMA,A. Koski,5.0,Love it,  Great large burp cloths and super cute!,1
B074F388BG,2018-05-23,AHYFRL2GEE6WDBUPOA2ZQCAYXY4Q,adir bruner,5.0,Great burp cloths for baby,"  Great burp cloths for baby. We have a baby boy and the design looks unisex. I don‚Äôt know why they market it for boys only... very happy with them, thick but soft and after approximately 30 washes they still look and feel great.",1
B074F388BG,2018-06-22,AG62JMPBIIYG6P3G5EA3USVRBWEQ,L. McAteer,5.0,Just right,"  These burp cloths tick all of the boxes. They are highly absorbant for spit up, super soft, and the patterns are just adorable and make wearing them on your shoulder constantly more enioyable. So far they have washed well too! This is the second set I've purchased and I'll probably be back for more!",1
B074F388BG,2018-03-15,AFSHOKOQGD3PS5RDYRKYSSQG24KA,Plant Mama,5.0,Just wonderful !,  These Copper Pearl burp cloths are the absolute greatest ! I‚Äôve purchased the unicorn set and the pink/peach set. They are so thick that I can use them multiple times !,1
B074F388BG,2018-09-22,AF7KNZ5VDN27AZE6UY6PFK7BFX4Q,samantha howey,5.0,100% worth the price!,  Absolutely obsessed with these burp cloths and this brand in general! They are such high quality and large enough to actually fit on your shoulder and cover your clothes- unlike most brands sold in stores! I also have the Copper Pearl swaddle blankets and I am in love with the material for those as well! 100% would recommend,1
B074F388BG,2018-01-25,AF4MRVREAE5GEDCTK3YR7FTHBPDQ,heidi donahue,5.0,Thick and absorbant,  These patterns are to die for!! Super soft and thick and absorbant. You have to stretch them back out a little after coming out of the dryer but not a big deal,1
B074F388BG,2018-07-03,AGRH3YGD6JYEYJUVP5JOUGOOQD7Q,Amazon Customer,5.0,Good buy!!!,"  Love theese!!! They r big, cute and made with good quality material!!! They r extremely soft and would be a great baby shower gift, I bought a six pack of burp cloths from Wal-Mart and they where really skinny so the mess ended up everywhere but on the burpcloths then I found and ordered theese they completely fixed the problem!!!",1
B074F388BG,2018-08-25,AEMTJW5HELDAPWYPFAYJXMU5IHXA,Lori Austin,5.0,Thick and Soft!,  These are extremely soft and absorbent on top of being extremely cute! Strongly recommend.,1
B074F388BG,2018-08-07,AHASLIRGON3AYVVROENMARCN6OYA,Ellen,5.0,Five Stars,"  These are super soft and do a great job. The colors do fade with washing, but still nice looking.",1
B074F388BG,2017-12-23,AE4TIQIN6LGUF3GNQOY6HZS5572Q,Jenn,5.0,Worth the price,  Super thick and absorbent. The pattern is adorable. They are definitely worth the price.,1
B074F388BG,2018-07-10,AHHTMGAF45WAEANRNKQNCGPODDSA,Amazon Customer,5.0,great size,  thick and absorbent.,1
B074F388BG,2018-04-24,AFG2WMBZ4H7GBXJ5JDF5UR3BCN4Q,Samuel Calhoun,5.0,Best Burp Cloths Ever!!!!,"  I LOVE these burp cloths! These are nice and thick and very soft , they are not like the usual tiny short burp cloths that you will find with other brands. These are wider and longer. Copper pearl just makes the best baby stuff with the cutest patterns!",1
B074F388BG,2018-09-24,AEESBSRYVZUJV3RWK4UUOPAV3HSA,Moni,5.0,These are Beautiful !,  I love the print on these burp clothes and also how thick the material is. I will defently be buying another set of burp clothes soon. ‚ô•Ô∏è,1
B074F388BG,2018-01-19,AENIQU6LLAYSHHCVA426LAKGY32A,Jose & Kiara,5.0,Five Stars,  SUPER cute AND good quality!!,1
B074F388BG,2018-01-19,AEX2BFPBVG537SAMEP57PI4QZDUA,Amazon Customer,5.0,Five Stars,  Love these burp cloths and all the designs! They are large and very absorbent!,1
B074F388BG,2018-08-15,AFQP4GMVSOQOAUZ542P27KX4KUFQ,Shannon Ellerby,5.0,Beautiful patterns,  I'm a huge Copper Pearl fan! Their patterns and colors are gorgeous and I always get asked about them. These are very absorbent and so soft.,1
B074F388BG,2018-01-11,AGQKQ7LY7NCM4R4UKRIPGQDLFEFA,Jessica Braeutigam,3.0,super cute print,"  super cute print, good size, but they don't seem super absorbent and after the first wash they started bunching up around the edges.",1
B074F388BG,2018-09-19,AF2EC7PRDDWFIETKVPPSZUDKCVVA,Lauren C,5.0,My favorite burp cloths,"  These are by far the best burp cloths you can buy in my opinion. They are so soft, thick, and have the cutest prints for boys or girls.",1
B074F388BG,2018-05-27,AEYPZ62FG3H56CBOQ5WT5S3QO62A,Anonymous,3.0,Three Stars,  I love how soft and absorbent they are but after washing they shrink!!,1
B074F388BG,2018-01-08,AFHVXB3HE26XXO2TLXYAJ54QAF3Q,Krista Hunter,5.0,Five Stars,  By far my favorite burp cloths. So plush highly recommend,1
B074F388BG,2018-08-15,AEGGXBHGRVOJEADPZI47HMFZZ4AA,Raymond,5.0,Super soft!,  Super soft and absorbant!! My favorite burp cloths by far !,1
B074F388BG,2018-07-13,AHAAJQ2LPNP2VKATSEGG6AA3O7YA,Amazon Customer,5.0,Wonderful!,"  Thick soft,adorable! Favorite burp cloths ever",1
B074F388BG,2018-03-29,AHCWRAHLTWOTDPPQDX6IAEF63U2A,Jessica Coronado,5.0,Very absorbent,  I love all these burp cloths they are super absorbent and the prints are very cute.,1
B074F388BG,2018-02-19,AFB5WI5OOVMFY7X6CEGXSDY3HQOQ,Amazon Customer,4.0,Four Stars,  Excellent service and product!!!,1
B074F388BG,2018-04-21,AEB4UQSO2APCUO7BV6QEHY5O2R2Q,Rell,5.0,Bought as a gift. They love it.,,0
B074F388BG,2018-02-01,AH4H6TLV2GEK3KQKTSQHFZ3UJ35A,Cheryl Helms,5.0,Five Stars,  Material thick and soft. Feels good,1
B074F388BG,2018-10-20,AFBKJS3KYKULYERA3VT3O6OWITYQ,JBR,5.0,Soft!,  Love these! Really soft and cute design!,1
B074F388BG,2018-10-20,AHPDUCPCMJ2NQ4KJYAS2C5MSMNJQ,Rebecca Klar,1.0,Very sad shopper.,"  I was very sad with my purchase of this product. They had such great reviews and I looked forward to the adorable prints. After the first wash, following all the instructions they came out all bundled up inside. They do not lay flat now since the inside filling is curled up. Don‚Äôt buy!",1
B074F388BG,2018-11-24,AEIQ7X2OZHOXEKVE24N7V3UDAMAA,Andrea Leilani,3.0,Colors fade,"  Colors fade after one wash and you have to really stretch them out after washing/drying to get them back to original shape, otherwise they bunch.",1
B074F388BG,2018-10-17,AFLOLVRVLI3EBRUJJAJR6DIMKTZA,Amazon Customer,5.0,THE best burp cloths!,  Best burp cloths and the cutest prints! I love how thick and absorbent they are. Definitely worth the money!,1
B074F388BG,2017-11-17,AG7AUA2YYTSSDT4DZQE5EKHIB36A,T & J & A,5.0,Copper Pearl is amazing!,"  So soft, so easy to keep clean, excellent size, lovely designs...can never have enough! Thank you so much!",1
B06WGKYSPD,2017-07-31,AEOE73QGPATDALF3R5J25YDCU7TQ,Katie,5.0,"Love these. Quality made and lovely too, great customer service","  Love these bibs so much! This is the second set I ordered. They are super cute and wash very nicely. They have really held up over time. The soft fleecy backing keeps drool from seeping through to my daughter's clothes. I love the prints as well. I really dislike traditional baby-ish stuff /prints and these are very tasteful. Love that they have 2 snaps (2 sizes) so my daughter will be able to wear these for a long time! We also get compliments on these all the time! My only complaint is that the one with the pink background does not look good with my daughter's skin tone, but I liked the other 3 enough to me it was worth it. I will either give that one as a gift or save for another baby. Great customer service from this company as well! I'm sure I will order from them again down the road.",1
B06WGKYSPD,2017-04-27,AG53CES6E5NJX2QP4X6CVHRHQ65Q,Crystal McD,5.0,LOVE!,  Quality is A+ and these prints are to die for. These are so well made and I can't speak highly enough about the Copper Pearl brand. I can't wait to use these on my soon to be here baby girl!,1
B06WGKYSPD,2017-11-19,AEVSVWRO7NCHJIXUV6KI2VHOURCA,caitlin,5.0,Not only are they an adorable design and work with almost every outfit for baby ...,"  Not only are they an adorable design and work with almost every outfit for baby girl, they are so soft against her skin. Very absorbent, very pleased and would order again",1
B06WGKYSPD,2018-03-07,AEFV4BLGD66I6XDAXIP5Z6QPTIQQ,Hillary,5.0,Best Drool Bib out there,  These are the bomb! There isn‚Äôt a drool bib that can keep up. I know they‚Äôre a little on the pricey side but they use superior material and nothing else comes close. It‚Äôs the only bib I've ever found that stops the wetness from getting on the clothing underneath.,1
B06WGKYSPD,2018-06-28,AGB3PAKFITSZCMHZTGMNDUHQY3AQ,Cara Breeden,5.0,Beautiful for drooling babies,"  Beautiful and functional, I love our new Cooer Pearl bibs- my 3 month old has started drooling daily and these work great and do not ride up on her face or mouth- definitely recommend!",1
B06WGKYSPD,2017-12-18,AGOCXY7IRFG5KDLTZRIMVR2GEVSQ,GingerDawn,5.0,Best bibs ever,  Best bibs ever!!! I‚Äôm just sad I didn‚Äôt have them for my previous kids. Super soft and obsorbant and the prettiest designs. My favorite baby items are from Copper Pearl and they are my go-to baby gift items now.,1
B06WGKYSPD,2018-01-03,AFCPDIIEYAED7KFLXJE3JBIYNYCA,Alexandria Trevino,5.0,Love everything copper pearl!,"  I first found out about CP at a small boutique in town, and I could‚Äônt believe how soft and beautiful the fabric and prints were! Love at first sight lol. This is the first set of bobs I have but I already have the burp cloths & the car seat/nursing cover and everything is just so soft (which I love for baby‚Äôs skin)",1
B06WGKYSPD,2017-11-27,AHFQH7MMBK62BWADPJAB5YVT7Z3A,Isaacs Mom,5.0,Wonderful gift,"  These are as pictured, very adorable, pretty, unique. Was happy to find something like this to give as a gift.",1
B06WGKYSPD,2017-11-08,AE3W3IC7LJTQ4ENGBMX623ISNYRA,Erica,5.0,Fantastic bibs!,  Love these patterns! Well made. This company makes alot of awesome products. I will be buying more from them!,1
B06WGKYSPD,2018-07-28,AF7K253M53YEKS7QM4IMHUMNBR7Q,Amazon Customer,5.0,Cannot go anywhere without these bibs on our baby. ...,  Cannot go anywhere without these bibs on our baby. These are the only brand that actually absorb drool without feeling soggy.,1
B06WGKYSPD,2017-06-19,AEZN6UTNVKCOWODEFR6N4E3LECGQ,MJ,5.0,LOVE!,  I absolutely love them! They serve their purpose as well as look very pretty!,1
B06WGKYSPD,2017-06-26,AHVOK4XOBMHMPLFVOTFKMZBTXLVA,LJordan,5.0,Five Stars,  These are fantastic for teething babes and the patterns couldn't be any sweeter!,1
B06WGKYSPD,2017-04-17,AEWLWQ76JICAGTACUVOYGTC5H4SQ,Catie Paulsen,5.0,So darling!!,"  These are SO darling and the quality feels awesome, can't wait to use them on my baby girl!",1
B06WGKYSPD,2018-05-17,AGO5ERLWAXAVB2RGGJGL2US7MTIA,courtney quick,5.0,These are my favorite baby product by far,"  These are my favorite baby product by far, they are cute and functional, and they wash well. They are so soft and I love every print, I plan to buy more sets. My daughter wears them every day, they are cute enough to be part of her outfit.",1
B06WGKYSPD,2017-05-10,AHY6YQBF47M5EA4A5B57SP2R4TPQ,Stacy McCorkle,5.0,Super absorbent!!,  I had received a set of these bibs as a prize in a giveaway and I loved them so much I had to buy another set when I saw this cute set. They are super absorbent and do a great job containing all the baby drool.,1
B06WGKYSPD,2017-06-13,AGAEURINCHPQLKPFQF5YZGQWZLUA,Moxey mom,5.0,Five Stars,  The patterns are really pretty. The backing on the bibs is super soft.,1
B06WGKYSPD,2018-02-16,AGJZZW6LZHKMKX7MQBMZCMYMS3PQ,Hannah T,5.0,... my daughters drool doesn't leak onto her shirt is AMAZING since she is a droll machine,  The fact that my daughters drool doesn't leak onto her shirt is AMAZING since she is a droll machine! LOVE LOVE LOVE these bibs.,1
B06WGKYSPD,2017-05-22,AGMLVO7SWKS7PDTNRB7BMYFAOF7A,Carolyn,5.0,"My ""Go To"" gift!","  This is set #6 I have purchased, different designs for boys and girls. Moms love them,it's my go to gift for new babies.",1
B06WGKYSPD,2017-08-09,AGGLR3CNBXXNWM3SLZVDS735LE2A,CAROL SW,5.0,MY GRANDDAUGHTER LIVES WITH THESE ON AND THEY PHOTOGRAPH LIKE A FASHION ACCESSORY RATHER THAN A BIB,"  ALWAYS LOVELY, MY GRANDDAUGHTER LIVES WITH THESE ON AND THEY PHOTOGRAPH LIKE A FASHION ACCESSORY RATHER THAN A BIB.",1
B06WGKYSPD,2017-07-03,AGZF2UFHWES5ZGSHYHFKHXPZ55RQ,jeisy,5.0,Five Stars,  Soft and beautiful,1
B06WGKYSPD,2017-07-26,AEAXN62CFKU4ULBSA6CDHUYBGVPQ,Anna M King,5.0,I love these bibs,"  I love these bibs! I have multiple sets of Copper Pearl drool bibs and love each one. They are pretty, absorbent and look like a cute accessory instead of a bib. Great gift too!",1
B06WGKYSPD,2017-07-13,AG5MN7BLPVAV6B4CRBBNDWF67G2Q,Amazon Customer,5.0,Five Stars,  Very absorbent and the prints are the cutest!,1
B06WGKYSPD,2018-05-10,AGMLGGMCLHZJFLOTKSXNFRFFPSBQ,Amazon Customer,5.0,Must have baby item!,  These are such a great quality and come in so handy for my baby‚Äôs constant drooling. Wash well and super soft!,1
B06WGKYSPD,2017-05-31,AGOJBHGEP3PRJVIBIVPKJZMSLRRA,Kaitlyn harger,5.0,Love!,"  Love these! Great quality, customer service, and they're extremely cute!",1
B06WGKYSPD,2017-10-03,AHBFKQ2RWVR53HU5VVRNL3PMOPVA,josiah,5.0,These bibs are hands down my favorite to put on my 8 month old,  These bibs are hands down my favorite to put on my 8 month old. They are even more beautiful in person.,1
B06WGKYSPD,2017-04-14,AFTPBG5YKK4LJM6IOXUQO6C5GXGQ,Eprap,5.0,Five Stars,  We love these bibdanas! This set of SO PRETTY!,1
B06WGKYSPD,2017-06-10,AFNHA3PJISG6Q6I6JNLEJD76NHDQ,Tiffani,5.0,Stylish and effective!,  I have these bibs and the car seat/nursing cover. This company is great and the products are awesome quality. Will be ordering more when I need them!,1
B06WGKYSPD,2017-06-08,AHGMAZWN2HB7FX2CLPU2UUADEMUQ,Rstod,5.0,"Soft, absorbant and adorable!","  I bought 2 sets for my daughter a few months ago while she was teething. I loved them! Soft, absorbant and super adorable. Just purchased this set for a baby shower gift. A must have item for stylish babes!",1
B06WGKYSPD,2017-04-14,AGHZMJZO25GKYFIYAOHMUFWS7DOQ,AmazonAshley,5.0,Not only are they super cute and stylish they also do well in handling ...,  I have almost every set for my daughter. Not only are they super cute and stylish they also do well in handling all of her drool. They lay great on the neck and are just tight enough so no drool gets into her skin. There are two adjustable snaps.,1
B06WGKYSPD,2017-11-04,AHO7TDGT4D6M2ZTXH4B3RLGMQRUQ,Angie,3.0,Cute...,"  Not as absorbent as I would have thought for the price, but they are cute.",1
B06WGKYSPD,2018-08-10,AGUNH32KLBMOWAWNFORY6CZXFHBA,Sophie Greenland,4.0,Great drool bibs,  Super stylish. My daughter doesn't mind them & it does the job keeping her clothes dry.,1
B06WGKYSPD,2017-11-26,AHSW4QRZGTBC7XDWXXROERH4BWUQ,Anne,5.0,Absolutely LOVE these bibs,  Absolutely LOVE these bibs!!! Not only are they super stylish but they are the softest and most absorbent bibs I have ever found! These bibs are a MUST HAVE!,1
B06WGKYSPD,2018-06-26,AHJ2RWSAJ2RJX5Q7LEMFNRS6MD6A,Jen,5.0,Fantastic bibs!,"  These bibs are the BEST! So soft, well-made, and adorable!!",1
B06WGKYSPD,2018-02-21,AFDV2NURTGXXDJJNMLRYFDJ23EFQ,Amazon Customer,5.0,Nicer than expected! Pretty prints for girls!,  Super cute! So soft to put around little ones necks. Makes great accessory to outfits too.,1
B06WGKYSPD,2018-09-15,AHU5NYHYZI77LTSJLTCC67LH5QUQ,Emjohnson,5.0,So cute and soft,"  Love, love, love all things Copper Pearl including these bibs. They are so cute and soft!",1
B06WGKYSPD,2017-05-30,AGQE2TFMRL2MM6S3JAMA4GXWYQLA,Matcha T.Top Contributor: Baby,4.0,This is my favorite bandana bib set from Copper Pearl,"  This is my favorite bandana bib set from Copper Pearl. It is beautiful for the days you want your little one to sport a more feminine look. I already own about 20 of these, so I knew exactly what I was getting into: the bibs are beautiful and functional at the same time. My little one is a heavy drooler, and these bibs have saved us from having to change outfits 3-4 times a day. We do, however, go through at least 3-4 of these a day because there's only so much it can absorb before it starts to wreak of baby drool and upchuck. I took off one star only because these are not made of organic cotton. My baby loves to munch and chew on her bib as she is teething, so it would be great if Copper Pearl had an organic option. Otherwise, these bibs are perfect. I wished they made these when my baby boy was an infant.",1
B06WGKYSPD,2018-07-21,AHU2LWF2HYQS4JGRWYB64HLHT6JA,Jessica Walters,5.0,Giftable,"  These are for a baby shower, beautiful!",1
B06WGKYSPD,2017-11-27,AFIZS6T23OWRAGCB32C2QT5VELPA,Lizloo5,5.0,Love,"  Love these bibs! Not only are they super cute, they are thick too, so they keep my littles shirt dry better than others.",1
B06WGKYSPD,2017-06-18,AHVO3TGBLX7RYOAGG7SDADFRUOOA,Amazon Customer,5.0,Cute soft and functional,  I LOVE these bandana bibs! They are so soft and adorable!,1
B06WGKYSPD,2017-06-06,AFEG2FPWYZA7DH7WSPU3PJKKJWCQ,M P Webster,5.0,Five Stars,  These are perfect! So soft and absolutely gorgeous to look at!,1
B06WGKYSPD,2017-12-09,AGXYY72R6VI5WMIC7237CHPYL5YA,Rachel,5.0,Five Stars,"  Beautiful prints, very thick and soft. Highly recommend!",1
B06WGKYSPD,2018-03-05,AE372F3XW3HEGVRNQMIWRKNHY7MA,Kristin,5.0,Five Stars,  I absolutely love these bibs! so soft and cute on our baby girl!,1
B06WGKYSPD,2017-08-04,AEQTG56JSRFPQLOEDPYISFARWNAQ,Amanda Lloyd,5.0,Five Stars,  Love everything from Copper pearl-amazing quality as always!,1
B06WGKYSPD,2017-06-12,AHXRMRSX6TZ22FQOTKOMSLNTE2NQ,Amazon Customer,5.0,Love how soft and durable these bandanas are made,  Love how soft and durable these bandanas are made. The print is very cute. I am happy with this product and get tons of compliments.,1
B06WGKYSPD,2017-06-10,AEAFGQVSPDLCJ2RFP2N3TPBMMYIQ,thea bernardo,5.0,Very soft and very very pretty! Love using these bibs on my baby girl ...,  Very soft and very very pretty! Love using these bibs on my baby girl - definitely adds an extra layer of cuteness!,1
B06WGKYSPD,2017-07-30,AF6RJN4F5DZIAIZE3ZUV66FYOF2Q,Berenice Chavez,5.0,The fabric used is soft to the touch and I just love that!,  These bandanas are so cute!!! They even fit my tiny baby! The fabric used is soft to the touch and I just love that!,1
B06WGKYSPD,2017-08-22,AFVC34GJ6RAW74ZXSQ5YKMHGW4HA,jiyoon Oh,4.0,Four Stars,"  so colorful, girlish",1
B06WGKYSPD,2017-06-10,AHNH7UOJSYDT6NRWM5KXGESX2LIA,RZuchero712,5.0,Five Stars,  This set is so adorable and incredibly soft! Quick shipping and love supporting a small business.,1
B06WGKYSPD,2017-06-10,AHLXEBUJTWI64QKWZ5VV55O26WOA,RL,5.0,The best bibs!,  The best bibs!!! I've been using them since my baby girl has been a new born. Love this brand. Highly recommend.,1
B06WGKYSPD,2017-06-11,AEOLKVPEGBQN5XVBC6BYLAKYEDKA,Amazon Customer,5.0,Beautiful bandana bibs for your little princess and for giving ...,  Beautiful bandana bibs for your little princess and for giving as gifts too! Love how soft and cute they are!,1
B06WGKYSPD,2017-08-29,AEAHHINMV4RMCF3R2FQGAOQSSUTQ,Kristen,5.0,Five Stars,  My favorite bibs with the prettiest patterns!,1
B06WGKYSPD,2017-06-10,AHIWHERZPVBFVWSZTSMOYD3E4UJQ,Andrew Hill,5.0,Love!!!,  Love these bibs! Perfect floral set to match every outfit!,1
B06WGKYSPD,2017-08-29,AHIEAB2SFFOES4HCGB44NGB4ZHZQ,JR,5.0,Five Stars,  It's great.,1
B06WGKYSPD,2017-06-27,AEZMU5HUT4WTKXT4WFU3G6QF4U7Q,Buben,2.0,Disappointed . . . looked much cuter in the pics,"  Blech. I really don't like these, and wish I hadn't bought them. The patterns looked cute and modern on-line, but in real life look cheesy and cheap. Sort of like a grandma's nightgown. I am giving it as a gift, and the packaging is poor -- the paper label is not attached to the bibs themselves, but is just folded around them. And the label ""Copper Pearl"" is about 1"" big (large), and is sewn tightly on the front of each bib (I didn't notice it when I was ordering) -- written in a cheesy looking cursive script. Not sure why it's necessary for the baby who is wearing these to have a big advertisement around her neck. I'm embarrassed to be giving these to my niece, but since I don't have time to return and order something else, I guess that's what I'll have to do. The quality of the material seems okay.",1
B06WGKYSPD,2017-06-11,AECQJD5J5JGD5FC4MMSO44LCVROA,M.Price,5.0,We love copper pearl,,0
B06WGKYSPD,2017-10-11,AFM3VAKEKPTXLJ3ZSQV3LBFCAP3Q,SRM,5.0,Absolutely love Copper Pearl for my own LO,,0
B06WGKYSPD,2018-03-06,AH22QHZOMUIXBUREZMUGUDQP2X6A,SmittySAS,3.0,I love copper pearl products but these bibs came in the ...,,0
B06WGKYSPD,2017-06-10,AHKNGSZI5IVTK67MJJU4V3FDV6FQ,Kayla Lemley,5.0,"These bibs snap and have great, soft material on the underside",,0
B06WGKYSPD,2017-06-10,AEKS5IMM4KOQW2YJ6SN5OHSB2KKA,Cami Mom,5.0,Perfect gift,,0
B06WGKYSPD,2017-06-10,AHOR5PZBHYD72IVD6FCOAQP4C5OQ,Xxoo,5.0,These are perfect and precious,,0
B06WGKYSPD,2017-06-10,AGHPTR2SBXEJIUTGJXL2XGGP35DA,Morgan Elliott,5.0,Super soft and cute,,0
B06WGKYSPD,2017-06-11,AH2SNKLWX3YA2HM3QSVGUT6563GQ,Donna Kulik,5.0,The prints are absolutely adorable & the material is so soft,,0
B06WGKYSPD,2017-06-11,AGSIAV7XSWHQON4HTPCM3OPNSDVQ,Megan,4.0,SO pretty! And I was shocked at how soft they ...,,0
B06WGKYSPD,2017-06-10,AG5WWFYCG5J4LCZ424Q5YBA44JDQ,Rebecca,5.0,Cutest bibs!!,,0
B06WGKYSPD,2017-06-11,AEQUKMLUNCGBR7GLSMHEWAEPADNQ,Amazon Customer,5.0,The very best! We've tried other brands of a similar product ...,,0
B06WGKYSPD,2017-06-14,AEYYISTUG4MN6ZWICS2IZTEGUQGA,Jessica Togstad,5.0,Adorable,,0
B06WGKYSPD,2018-04-16,AFNKZRN6Y4J4LF7HQLJ2NJPXPARA,hh826621,5.0,Super cute and high quality,"  When I first saw these bandana bibs, I had to have them. I ordered them as soon as they were available on amazon, and they didn‚Äôt disappoint! They are super adorable and the fabric is very thick and soft. They have adjustable snaps so it grows with your baby and doesn‚Äôt choke them. Of all of the bibs I got for my daughter, these are, by far, the best. I will be buying more for my next baby.",1
B06WGKYSPD,2018-03-28,AHPHDDDMSB74BJLWZYGM53K4IQXA,claudia rodriguez,5.0,and the prints are just too adorable.,"  Very soft and thin , unlike other ones that I previously got from another company, and the prints are just too adorable.",1
B06WGKYSPD,2018-10-11,AHDDTDMWXEAZT4MVP6NBABGJ6DQA,NASUS,5.0,Love!,  So cute and soft!,1
B06WGKYSPD,2018-11-01,AGCHR4ZLCRIWQPF7OMJ6VSL7BMDA,Marie K,5.0,Great bibs,"  My baby girl was an early teether which meant a lot of drool and trial and error. After trying many drool bibs, these are by far the best in quality, style, size and does the job without making my little one fuss. Her clothes are always dry bc the fabric of the bib is super absorbent. Very happy with my purchase that I purchased another set of Copper Pearl Bibs. They‚Äôre pricey but totally worth it.",1
B06WGKYSPD,2018-10-10,AF3YBJOX5OEWP34Y645RKDBOBWWA,PonMow,3.0,Thick,  Only thing i dont like is how thick it is. For a tropical weather its too warm,1
B06WGKYSPD,2018-10-18,AHO2FADOSWM73XO5MAEF2TQJHQMQ,Andrea,5.0,Great bibs!,  Great quality. Milk/drool does not go through onto my little girl's clothes through the bib. Very cute too!,1
B06WGKYSPD,2018-11-05,AFEVGCVMOFNDZO5H6K4OJAU4NVNQ,Amazon Customer,3.0,Not soft,"  Adorable prints, but the material is very stiff and not soft.",1
